symbol,date,order_type,side,fees,quantity,average_price
AAPL,2020-09-17T17:37:41.421283Z,market,buy,0.00,0.04530000,110.37530000
TQQQ,2020-09-17T17:35:54.179861Z,market,sell,0.00,0.04180000,119.61720000
NKLA,2020-09-17T13:54:28.886753Z,market,buy,0.00,1.44000000,34.61810000
TQQQ,2020-09-17T13:53:11.724363Z,market,sell,0.00,0.29270000,120.94290000
FB,2020-09-16T13:38:27.753186Z,market,buy,0.00,0.18440000,271.09540000
MSFT,2020-09-16T13:38:27.053278Z,market,buy,0.00,0.23980000,208.54880000
O,2020-09-16T13:49:17.085511Z,market,buy,0.00,0.00060600,66.00660000
TWOU,2020-09-14T13:30:35.032396Z,market,buy,0.00,1.27000000,37.61420000
AGNC,2020-09-11T13:39:13.841365Z,market,buy,0.00,0.00983800,14.23050000
BIGC,2020-09-11T13:30:17.641395Z,market,sell,0.00,1.14066600,83.25840000
TAN,2020-09-10T19:32:08.534121Z,market,buy,0.00,0.96378600,51.87870000
TSLA,2020-09-10T19:09:43.379151Z,market,buy,0.00,0.13760000,362.93600000
FB,2020-09-10T18:30:02.720976Z,market,buy,0.00,0.18580000,269.10660000
TWOU,2020-09-10T18:26:23.364969Z,market,buy,0.00,1.31000000,38.00000000
TDOC,2020-09-10T18:26:22.442096Z,market,buy,0.00,0.25230000,198.09750000
TWOU,2020-09-10T18:20:28.922181Z,market,buy,0.00,0.26180000,38.19710000
AMD,2020-09-10T18:20:28.821731Z,market,buy,0.00,0.12530000,79.80850000
MSFT,2020-09-10T18:18:09.071599Z,market,buy,0.00,0.04820000,207.46890000
AMD,2020-09-10T18:18:08.320375Z,market,buy,0.00,0.12520000,79.87220000
AMD,2020-09-10T18:06:46.258177Z,market,buy,0.00,0.62290000,80.26970000
AMD,2020-09-10T18:04:47.722748Z,market,buy,0.00,0.12447000,80.34060000
BIGC,2020-09-10T16:07:05.303555Z,market,buy,0.00,0.28677900,87.17510000
MSFT,2020-09-09T19:54:05.382477Z,market,buy,0.00,0.23488100,212.87380000
TDOC,2020-09-09T18:14:49.517122Z,market,sell,0.00,0.02710000,198.15500000
TQQQ,2020-09-08T19:52:34.851216Z,market,sell,0.00,0.81913400,122.08010000
PNTG,2020-09-08T19:52:03.422453Z,market,sell,0.00,2.97901200,33.15860000
TSLA,2020-09-08T19:47:58.211911Z,market,sell,0.00,0.75178700,331.64980000
MSFT,2020-09-17T13:30:06.792000Z,limit,buy,0.00,1.00000000,200.00000000
BIGC,2020-09-08T15:19:44.449371Z,market,buy,0.00,0.23348100,107.07510000
PYPL,2020-09-08T15:19:21.628159Z,market,buy,0.00,0.13127100,190.44570000
PYPL,2020-09-08T15:19:06.229928Z,market,buy,0.00,0.13120900,190.53570000
RUN,2020-09-08T14:51:59.848383Z,market,sell,0.00,0.53141700,51.25920000
PNTG,2020-09-04T19:05:09.474092Z,market,buy,0.00,0.70268700,35.57770000
TAN,2020-09-04T19:04:25.430572Z,market,buy,0.00,1.93348800,51.72000000
TAN,2020-09-04T19:04:10.446456Z,market,buy,0.00,1.93349100,51.71990000
TSLA,2020-09-04T18:58:12.958132Z,market,buy,0.00,0.23957900,417.39890000
GOOGL,2020-09-04T18:53:30.544173Z,market,buy,0.00,0.03150000,1585.39680000
GOOGL,2020-09-04T18:53:29.249664Z,market,buy,0.00,0.03150000,1585.71430000
TQQQ,2020-09-04T18:48:01.397349Z,market,buy,0.00,0.69755900,143.35700000
TQQQ,2020-09-04T18:40:45.811301Z,market,buy,0.00,0.70681300,141.48010000
PDD,2020-09-04T18:39:59.383715Z,market,buy,0.00,0.59199600,84.46000000
TSLA,2020-09-04T18:39:23.250199Z,market,buy,0.00,0.12140000,411.86160000
FB,2020-09-04T18:36:22.748407Z,market,buy,0.00,0.17769200,281.38580000
SQQQ,2020-09-04T18:28:14.582068Z,market,sell,0.00,8.48278200,24.08170000
PNTG,2020-09-04T17:18:25.225225Z,market,buy,0.00,1.39548200,35.82990000
TSLA,2020-09-04T15:22:47.196469Z,market,buy,0.00,0.39080800,383.82020000
SQQQ,2020-09-04T13:49:05.592417Z,market,buy,0.00,8.48278200,23.57720000
TDOC,2020-09-04T13:54:35.266000Z,market,sell,0.00,1.00000000,192.24000000
NIO,2020-09-04T13:54:48.955000Z,market,sell,0.00,8.00000000,17.85000000
ARKK,2020-09-04T13:46:36.712000Z,market,sell,0.00,1.00000000,87.48000000
ARKF,2020-09-04T13:46:26.009000Z,market,sell,0.00,1.00000000,38.70000000
ARKQ,2020-09-04T13:46:15.864000Z,market,sell,0.00,1.00000000,57.88000000
ARKW,2020-09-04T13:46:03.876000Z,market,sell,0.00,1.00000000,104.31000000
FB,2020-09-04T13:36:07.109648Z,market,buy,0.00,0.34694800,288.22760000
SQQQ,2020-09-04T13:33:09.817991Z,market,sell,0.00,4.69927000,22.42050000
BIGC,2020-09-04T13:32:55.153935Z,market,buy,0.00,0.53333300,93.75010000
TWOU,2020-09-04T14:12:29.428000Z,market,sell,0.00,2.00000000,36.00000000
PYPL,2020-09-04T13:49:41.043000Z,market,sell,0.00,1.00000000,194.66000000
RUN,2020-09-04T14:05:26.306000Z,market,sell,0.00,6.00000000,47.73330000
NVDA,2020-09-04T13:30:42.822460Z,market,sell,0.00,0.19120300,509.45850000
AMD,2020-09-04T13:30:26.735643Z,market,sell,0.00,1.20531700,81.39770000
BRK.B,2020-09-03T19:47:24.563416Z,market,buy,0.00,0.23016000,217.24020000
NIO,2020-09-03T19:46:52.756352Z,market,buy,0.00,2.67022600,18.72500000
NVDA,2020-09-03T19:46:16.963480Z,market,buy,0.00,0.09606500,520.48090000
SBUX,2020-09-03T19:40:24.120307Z,market,buy,0.00,0.58092200,86.07010000
AMD,2020-09-03T16:26:05.898070Z,market,buy,0.00,1.20531700,82.96570000
NVDA,2020-09-03T16:25:32.265404Z,market,buy,0.00,0.09513800,525.55240000
O,2020-09-03T16:15:40.716648Z,market,buy,0.00,0.62383900,64.11910000
BRK.B,2020-09-03T16:14:44.066361Z,market,buy,0.00,0.22794100,219.35500000
PYPL,2020-09-03T16:14:03.571953Z,market,buy,0.00,0.25171100,198.64050000
TWOU,2020-09-03T16:03:16.664049Z,market,buy,0.00,2.51636200,39.73990000
SBUX,2020-09-03T15:55:20.969017Z,market,buy,0.00,0.57448100,87.03510000
GOOGL,2020-09-03T15:55:08.368284Z,market,buy,0.00,0.03025900,1652.40090000
NIO,2020-09-03T15:54:04.686000Z,market,buy,0.00,3.00000000,18.99670000
CLOU,2020-09-03T15:53:23.135000Z,market,buy,0.00,2.00000000,24.01000000
PYPL,2020-09-03T15:51:45.799063Z,market,buy,0.00,0.50000000,198.54000000
ARKQ,2020-09-03T15:50:19.779000Z,market,buy,0.00,1.00000000,59.12000000
ARKF,2020-09-03T15:50:09.758000Z,market,buy,0.00,1.00000000,39.60000000
ARKW,2020-09-03T15:49:57.229000Z,market,buy,0.00,1.00000000,107.49000000
ARKK,2020-09-03T15:49:44.749000Z,market,buy,0.00,1.00000000,90.86000000
RUN,2020-09-03T15:47:49.322841Z,market,buy,0.00,0.96283600,51.92990000
UVXY,2020-09-03T15:47:27.094162Z,market,sell,0.02,25.90117200,25.25100000
NIO,2020-09-03T15:31:33.500036Z,market,buy,0.00,2.66719900,18.74630000
RUN,2020-09-03T15:30:07.574752Z,market,buy,0.00,0.98116300,50.95990000
PYPL,2020-09-03T15:29:29.668256Z,market,buy,0.00,0.25449800,196.46520000
RUN,2020-09-03T15:28:57.074509Z,market,buy,0.00,0.98347900,50.83990000
TOL,2020-09-03T15:10:05.627424Z,market,sell,0.00,2.30870200,41.49080000
MSFT,2020-09-03T15:09:38.832400Z,market,sell,0.00,0.66309900,219.86160000
AMZN,2020-09-03T15:09:05.959733Z,market,sell,0.00,0.01427500,3376.53240000
ENSG,2020-09-03T14:42:37.770022Z,market,sell,0.00,1.77673100,58.70890000
RUN,2020-09-03T14:33:41.323823Z,market,buy,0.00,0.94037900,53.17010000
UVXY,2020-09-03T14:25:04.845322Z,market,buy,0.00,12.14080500,24.71010000
CRM,2020-09-03T14:24:07.975609Z,market,sell,0.00,0.36797300,265.86190000
DIS,2020-09-03T14:22:33.451095Z,market,sell,0.00,0.37881600,135.68590000
SQQQ,2020-09-03T14:21:49.597200Z,market,buy,0.00,4.69927000,21.27990000
FB,2020-09-03T14:20:51.445113Z,market,sell,0.00,0.37842500,292.89820000
AAPL,2020-09-03T14:20:37.535811Z,market,sell,0.00,0.77327500,125.63450000
ENPH,2020-09-03T14:20:25.421973Z,market,sell,0.00,1.86835100,69.55870000
TAN,2020-09-03T14:20:11.926636Z,market,sell,0.00,3.40672600,53.89340000
UVXY,2020-09-03T14:19:38.094671Z,market,buy,0.00,8.30223400,24.08990000
AYX,2020-09-03T14:17:43.467081Z,market,sell,0.00,1.32230900,119.42750000
UVXY,2020-09-03T14:13:09.346138Z,market,buy,0.00,4.20350100,23.78970000
TSLA,2020-09-03T13:30:19.826471Z,market,sell,0.00,0.31388600,407.12230000
ENPH,2020-09-02T19:46:30.330329Z,market,buy,0.00,0.64808800,77.15000000
TSLA,2020-09-02T19:46:04.424163Z,market,buy,0.00,0.11332400,441.21280000
RUN,2020-09-02T19:37:50.334265Z,market,buy,0.00,0.87496700,57.14500000
PNTG,2020-09-02T14:14:07.390939Z,market,sell,0.00,2.75007300,36.36270000
CRM,2020-09-02T14:12:31.758733Z,market,buy,0.00,0.09147400,273.30170000
CRM,2020-09-02T14:06:38.857373Z,market,buy,0.00,0.09113900,274.30630000
CLOU,2020-09-02T14:06:12.787549Z,market,buy,0.00,0.98483300,25.38500000
TAN,2020-09-02T14:05:35.334562Z,market,buy,0.00,0.44389200,56.32000000
RUN,2020-09-02T14:04:47.157977Z,market,buy,0.00,0.89301600,55.99000000
TOL,2020-09-02T13:35:14.017869Z,market,sell,0.00,0.69129800,43.39660000
UVXY,2020-09-01T16:14:31.798107Z,market,sell,0.00,1.31536200,22.80740000
AYX,2020-09-01T16:13:49.680745Z,market,buy,0.00,0.41433600,120.67500000
GOOGL,2020-09-01T15:44:49.863994Z,market,buy,0.00,0.03046900,1641.01220000
RUN,2020-09-01T14:27:29.271160Z,market,buy,0.00,0.89557700,55.82990000
BRK.B,2020-09-01T14:19:36.469480Z,market,buy,0.00,0.22984200,217.54070000
AMZN,2020-09-01T14:19:11.769387Z,market,buy,0.00,0.01427500,3502.62700000
AAPL,2020-08-31T20:10:24.987197Z,market,buy,0.00,0.77327500,129.32010000
TSLA,2020-08-31T20:10:11.219543Z,market,buy,0.00,0.09965500,501.73100000
UVXY,2020-08-31T20:05:12.546519Z,market,buy,0.00,1.75240900,22.82570000
BIGC,2020-08-31T19:53:22.000823Z,market,buy,0.00,0.08707300,114.84620000
AYX,2020-08-31T19:51:43.382249Z,market,buy,0.00,0.41373600,120.85000000
PYPL,2020-08-31T19:45:37.137158Z,market,buy,0.00,0.24446800,204.52570000
GOOGL,2020-08-31T19:44:36.341573Z,market,buy,0.00,0.03061200,1633.34640000
DIS,2020-08-31T19:41:49.285920Z,market,buy,0.00,0.37881600,131.99020000
UVXY,2020-08-31T16:07:21.691000Z,market,sell,0.00,18.00000000,21.69000000
MSFT,2020-08-31T15:45:19.382802Z,market,buy,0.00,0.22186200,225.36530000
AMD,2020-08-31T15:27:47.005787Z,market,sell,0.00,2.47623500,88.71940000
UVXY,2020-08-31T15:26:58.042418Z,market,buy,0.00,8.99280500,22.24000000
UVXY,2020-08-31T15:22:28.540991Z,market,buy,0.00,9.05054000,22.09810000
PNTG,2020-08-31T15:14:49.613525Z,market,buy,0.00,1.35409600,36.92500000
TSLA,2020-08-31T15:13:15.928196Z,market,buy,0.00,0.10090700,495.50580000
SBUX,2020-08-31T15:02:24.943579Z,market,buy,0.00,0.59336600,84.26500000
MSFT,2020-08-31T14:59:42.738430Z,market,buy,0.00,0.39757000,226.37520000
NIO,2020-08-31T14:34:25.541000Z,market,sell,0.00,10.00000000,18.06000000
MSFT,2020-08-28T19:58:58.922067Z,market,buy,0.00,0.04366700,229.00590000
CRM,2020-08-28T19:53:20.678452Z,market,buy,0.00,0.18536000,269.74540000
AYX,2020-08-28T16:46:11.165165Z,market,buy,0.00,0.41030600,121.86030000
NIO,2020-08-28T15:11:35.635000Z,market,buy,0.00,10.00000000,19.31000000
ENPH,2020-08-28T14:32:19.359000Z,market,sell,0.00,3.00000000,75.53000000
PNTG,2020-08-28T14:14:51.444000Z,market,buy,0.00,2.00000000,38.76000000
AGNC,2020-08-28T14:13:37.832000Z,market,buy,0.00,5.00000000,14.09000000
TDOC,2020-09-03T15:17:59.584000Z,limit,buy,0.00,1.00000000,205.00000000
FB,2020-08-27T20:07:50.164219Z,market,buy,0.00,0.34048300,293.70040000
ENPH,2020-08-27T18:15:07.639336Z,market,buy,0.00,1.37015300,72.98450000
CLOU,2020-08-27T18:14:32.679777Z,market,buy,0.00,2.08421900,23.98980000
AMD,2020-08-27T18:14:17.685613Z,market,buy,0.00,0.59769200,83.65510000
AYX,2020-08-27T16:57:27.082073Z,market,sell,0.00,0.74708400,120.46840000
O,2020-08-27T16:56:46.941705Z,market,sell,0.00,0.64262100,62.24510000
AGNC,2020-08-27T16:54:08.271728Z,market,sell,0.00,7.80148800,14.09990000
UVXY,2020-08-27T16:24:42.962005Z,market,sell,0.00,4.16085000,21.63020000
GLOP,2020-08-27T16:23:38.351867Z,market,sell,0.00,22.93500100,3.95990000
AAPL,2020-08-27T16:21:57.182464Z,market,sell,0.00,0.19894800,502.59360000
RUN,2020-08-27T16:20:41.698646Z,market,sell,0.00,2.00383000,52.16010000
TSLA,2020-08-27T16:20:02.548301Z,market,sell,0.00,0.04902000,2259.89390000
MSFT,2020-08-27T16:19:45.292139Z,market,sell,0.00,0.46535400,227.20340000
TOL,2020-08-27T16:00:14.630000Z,market,buy,0.00,1.00000000,44.32000000
AMD,2020-08-27T14:21:01.634598Z,market,buy,0.00,0.58744000,85.11510000
ENPH,2020-08-27T14:20:27.692640Z,market,buy,0.00,0.67353600,74.23510000
AYX,2020-08-27T13:52:03.582125Z,market,buy,0.00,0.74929400,120.11310000
CLOU,2020-08-27T13:51:29.940000Z,market,buy,0.00,1.00000000,24.05000000
NIO,2020-08-27T13:36:03.072359Z,market,sell,0.00,5.12837500,19.08790000
TDOC,2020-08-27T13:35:49.382741Z,market,sell,0.00,0.71014300,211.22510000
FB,2020-08-27T13:35:19.283141Z,market,sell,0.00,0.45460600,296.96040000
AYX,2020-08-27T13:34:35.335849Z,market,sell,0.00,0.80362000,118.21510000
JMIA,2020-08-27T13:30:46.766000Z,market,sell,0.00,20.00000000,9.19000000
NRZ,2020-08-26T20:03:39.563267Z,market,sell,0.00,12.48601600,7.74070000
NLY,2020-08-26T19:54:19.335295Z,market,sell,0.00,10.03682300,7.33000000
PNTG,2020-08-26T19:52:47.209228Z,market,sell,0.00,0.64850800,38.55000000
UVXY,2020-08-26T19:50:34.672095Z,market,buy,0.00,3.93509000,20.32990000
PDD,2020-08-26T19:46:41.149596Z,market,buy,0.00,0.11191900,89.35030000
RUN,2020-08-26T19:42:53.160001Z,market,buy,0.00,0.50000000,50.00000000
RUN,2020-08-26T18:52:06.665422Z,market,buy,0.00,0.50383000,49.61990000
AMD,2020-08-26T18:49:45.259746Z,market,buy,0.00,0.29110300,85.88030000
BLNK,2020-08-26T18:47:14.095500Z,market,sell,0.00,12.39848700,7.26060000
CRM,2020-08-26T18:45:05.079658Z,market,sell,0.00,0.42546800,266.22450000
AMD,2020-08-26T17:36:39.570000Z,market,buy,0.00,1.00000000,86.86000000
RUN,2020-08-26T16:35:29.732000Z,market,buy,0.00,1.00000000,50.66000000
GLOP,2020-08-26T16:31:59.480000Z,market,buy,0.00,10.00000000,3.91000000
JMIA,2020-08-26T15:25:53.061000Z,market,buy,0.00,10.00000000,10.16000000
JMIA,2020-08-26T15:25:37.415000Z,market,buy,0.00,10.00000000,10.15000000
SBUX,2020-08-26T15:48:30.580000Z,market,buy,0.00,1.00000000,82.60000000
TOL,2020-08-26T14:44:28.822000Z,market,buy,0.00,2.00000000,44.90000000
ENPH,2020-08-26T14:20:29.050000Z,market,buy,0.00,2.00000000,75.50000000
AYX,2020-08-26T14:17:03.092934Z,market,buy,0.00,0.43516200,114.89970000
NIO,2020-08-26T13:32:40.784796Z,market,buy,0.00,5.12837500,19.49940000
FB,2020-08-26T13:27:35.249037Z,market,buy,0.00,0.28206200,283.62560000
TSLA,2020-08-26T13:27:10.743905Z,market,buy,0.00,0.02426300,2060.75090000
AAPL,2020-08-26T13:26:49.641884Z,market,buy,0.00,0.09893000,505.40790000
CLOU,2020-08-26T13:30:01.845000Z,market,buy,0.00,1.00000000,23.29000000
FB,2020-08-26T13:30:21.667652Z,market,buy,0.00,0.14074100,284.21000000
DAL,2020-08-25T20:38:30.943189Z,market,sell,0.00,3.33645200,29.95100000
CRM,2020-08-25T20:10:06.333679Z,market,buy,0.00,0.06486400,231.25310000
TSLA,2020-08-25T19:47:16.566577Z,market,buy,0.00,0.01979100,2021.12070000
GLOP,2020-08-25T19:41:14.446343Z,market,buy,0.00,9.90123500,4.03990000
ENPH,2020-08-25T19:40:26.067086Z,market,sell,0.00,0.52567900,76.09210000
AAPL,2020-08-25T19:39:53.064105Z,market,buy,0.00,0.08000300,499.98130000
PNTG,2020-08-25T19:39:33.625031Z,market,sell,0.00,3.45652700,37.61000000
TSLA,2020-08-25T19:22:31.464920Z,market,buy,0.00,0.00496600,2013.69310000
AAPL,2020-08-25T19:22:19.162881Z,market,buy,0.00,0.02001500,499.62530000
ENPH,2020-08-25T19:09:22.312250Z,market,sell,0.00,1.97421000,75.97980000
NLY,2020-08-25T19:08:35.682458Z,market,buy,0.00,3.37077100,7.41670000
AGNC,2020-08-25T19:06:22.646489Z,market,buy,0.00,1.77684200,14.06990000
FB,2020-08-25T19:05:35.568143Z,market,sell,0.00,0.24844700,281.75020000
SBUX,2020-08-25T19:03:41.366047Z,market,buy,0.00,0.10000000,82.40000000
UVXY,2020-08-25T16:44:46.428000Z,limit,buy,0.00,1.00000000,19.99000000
DAL,2020-08-25T13:56:08.692180Z,market,buy,0.00,3.00150000,29.98500000
DAL,2020-08-25T13:38:18.946811Z,market,buy,0.00,0.33495200,29.85500000
BLNK,2020-08-25T13:37:47.672939Z,market,buy,0.00,11.15933000,8.06500000
NRZ,2020-08-25T13:33:54.576276Z,market,buy,0.00,2.48601600,8.04500000
NLY,2020-08-25T13:33:39.975138Z,market,buy,0.00,5.31561400,7.52500000
TDOC,2020-08-25T13:30:24.611841Z,market,buy,0.00,0.23839000,209.74030000
BLNK,2020-08-24T20:00:29.032714Z,market,buy,0.00,1.23915700,8.07000000
FB,2020-08-24T19:40:40.702816Z,market,buy,0.00,0.18461700,270.83100000
O,2020-08-24T19:38:37.834878Z,market,buy,0.00,0.64241500,62.26500000
DIS,2020-08-24T19:37:28.271987Z,market,sell,0.00,0.78469100,130.16590000
VSLR,2020-08-24T19:37:04.625330Z,market,sell,0.00,1.05424400,27.80190000
NLY,2020-08-24T14:32:40.800289Z,market,buy,0.00,1.35043800,7.40500000
PNTG,2020-08-24T14:28:41.483015Z,market,buy,0.00,2.78784400,35.87000000
TDOC,2020-08-24T14:28:03.245426Z,market,buy,0.00,0.46700600,214.13000000
PNTG,2020-08-21T18:15:26.233495Z,market,buy,0.00,1.27714200,39.14990000
VSLR,2020-08-21T14:19:49.633434Z,market,sell,0.00,0.94575600,26.43390000
ENPH,2020-08-21T14:19:06.913418Z,market,sell,0.00,0.67640200,73.92050000
TDOC,2020-08-21T14:18:24.746551Z,market,sell,0.00,0.17360200,230.41210000
MSFT,2020-08-21T14:06:39.557365Z,market,buy,0.00,0.46535400,214.89020000
NIO,2020-08-21T14:05:21.633000Z,market,sell,0.00,15.00000000,14.07000000
CRM,2020-08-21T14:03:54.561737Z,market,buy,0.00,0.12027000,207.86560000
RUN,2020-08-21T14:02:34.100000Z,market,sell,0.00,5.00000000,48.31000000
DIS,2020-08-21T13:52:22.262891Z,market,buy,0.00,0.39096000,127.89030000
UBER,2020-08-21T13:36:10.623728Z,market,sell,0.00,2.14281500,31.29990000
KMI,2020-08-21T13:34:35.234324Z,market,sell,0.00,6.31539800,13.95950000
LNG,2020-08-21T13:34:22.059959Z,market,sell,0.00,1.90635200,50.58880000
TAN,2020-08-21T13:33:41.171000Z,market,buy,0.00,1.00000000,52.25000000
VSLR,2020-08-21T13:32:46.288000Z,market,buy,0.00,1.00000000,25.72000000
GLOP,2020-08-21T13:45:33.234751Z,market,buy,0.00,0.03376600,3.85000000
VSLR,2020-08-20T19:45:25.332000Z,market,buy,0.00,1.00000000,25.30000000
RUN,2020-08-20T19:44:52Z,market,buy,0.00,2.00000000,46.27000000
NIO,2020-08-20T19:25:25.042000Z,market,buy,0.00,5.00000000,13.74000000
RUN,2020-08-20T19:22:57.644000Z,market,buy,0.00,1.00000000,45.99000000
UBER,2020-08-20T18:53:34.238769Z,market,buy,0.00,0.80411900,31.08990000
CRM,2020-08-20T18:51:38.587461Z,market,buy,0.00,0.19108100,209.33530000
STNE,2020-08-20T17:33:27.881704Z,market,sell,0.00,2.04510500,49.32270000
RUN,2020-08-20T17:32:53.446000Z,market,buy,0.00,2.00000000,46.95000000
ENPH,2020-08-20T17:32:23.623000Z,market,buy,0.00,1.00000000,72.99000000
NRZ,2020-08-20T14:07:29.932000Z,market,buy,0.00,5.00000000,7.84800000
ENPH,2020-08-20T14:06:26.873000Z,market,buy,0.00,1.00000000,73.85000000
NRZ,2020-08-20T14:04:09.021000Z,market,buy,0.00,4.00000000,7.80500000
NRZ,2020-08-20T13:40:50.840000Z,market,buy,0.00,1.00000000,7.73000000
NIO,2020-08-20T13:39:13.725000Z,market,buy,0.00,10.00000000,13.91800000
DIS,2020-08-20T13:38:25.253871Z,market,buy,0.00,0.39373100,126.99030000
AYX,2020-08-20T13:36:52.559567Z,market,buy,0.00,0.35951800,111.26010000
UVXY,2020-08-20T13:36:14.033000Z,market,sell,0.00,12.00000000,20.98000000
UVXY,2020-08-20T13:30:00.218000Z,market,buy,0.00,12.00000000,21.30000000
AYX,2020-08-20T13:30:24.189028Z,market,buy,0.00,0.09066100,110.30100000
AAPL,2020-08-19T19:57:47.274525Z,market,sell,0.00,0.16380600,462.92570000
AMZN,2020-08-19T19:57:30.760464Z,market,sell,0.00,0.03136200,3261.90930000
RUN,2020-08-19T19:22:21.283404Z,market,sell,0.00,2.38333900,48.33140000
TSLA,2020-08-19T19:21:24.071674Z,market,sell,0.00,0.05836200,1885.30210000
TDOC,2020-08-19T15:37:49.136689Z,market,buy,0.00,0.18404300,217.34050000
AGNC,2020-08-19T14:44:03.815178Z,market,buy,0.00,1.07797300,13.91500000
NKLA,2020-08-19T14:41:16.538129Z,market,buy,0.00,0.22456700,44.53010000
JPM,2020-08-19T14:39:10.445820Z,market,sell,0.00,1.45598300,99.43110000
CRM,2020-08-19T14:27:47.482607Z,market,buy,0.00,0.04925300,203.03330000
LNG,2020-08-19T14:13:51.614215Z,market,sell,0.00,1.20041800,52.48170000
AGNC,2020-08-19T14:13:22.065001Z,market,buy,0.00,1.79985600,13.89000000
STNE,2020-08-18T19:49:09.528476Z,market,sell,0.00,0.97144400,51.46980000
FB,2020-08-18T18:59:11.175712Z,market,buy,0.00,0.09515600,262.72650000
PLUG,2020-08-18T18:44:05.241310Z,market,sell,0.00,0.17349100,12.68080000
NIO,2020-08-18T18:43:36.638000Z,market,sell,0.00,1.00000000,14.30000000
AGNC,2020-08-18T15:15:21.816676Z,market,buy,0.00,1.80246400,13.86990000
LNG,2020-08-18T15:13:45.603610Z,market,sell,0.00,1.86394500,53.64970000
KMI,2020-08-18T15:13:32.376236Z,market,sell,0.00,6.89624200,14.50070000
KMI,2020-08-18T15:11:32.866159Z,market,sell,0.00,1.72304500,14.50920000
AGNC,2020-08-18T15:10:20.295148Z,market,buy,0.00,1.80766400,13.83000000
RUN,2020-08-18T15:09:40.526165Z,market,buy,0.00,1.08709300,45.99420000
AMZN,2020-08-18T14:47:42.777889Z,market,buy,0.00,0.00764600,3269.68350000
TSLA,2020-08-18T14:47:27.133037Z,market,buy,0.00,0.02624900,1904.83450000
TSLA,2020-08-18T14:45:24.271635Z,market,buy,0.00,0.01322700,1890.07330000
TAN,2020-08-18T14:44:38.601773Z,market,buy,0.00,0.96283400,51.93000000
GE,2020-08-18T14:44:23.127000Z,market,sell,0.00,20.00000000,6.45300000
TSLA,2020-08-18T14:42:55.196783Z,market,buy,0.00,0.01323200,1889.35910000
AGNC,2020-08-18T14:42:39.580267Z,market,buy,0.00,0.72385000,13.81500000
ENPH,2020-08-18T14:39:45.683468Z,market,buy,0.00,0.33845500,73.86510000
ENPH,2020-08-18T14:34:45.183202Z,market,buy,0.00,0.33981200,73.57010000
LYFT,2020-08-18T14:32:56.569338Z,market,sell,0.00,1.35174100,27.26850000
DAL,2020-08-18T14:31:01.570672Z,market,sell,0.00,3.40358900,27.61200000
GOOGL,2020-08-18T14:30:03.810441Z,market,sell,0.00,0.06616900,1523.37200000
AYX,2020-08-18T14:29:16.661841Z,market,sell,0.00,0.66107900,112.11970000
BLNK,2020-08-18T14:28:24.218085Z,market,sell,0.00,20.19329900,10.00680000
JMIA,2020-08-18T14:28:01.591679Z,market,sell,0.00,16.78790600,12.06050000
JMIA,2020-08-18T14:27:37.319008Z,market,sell,0.00,8.28477200,12.07030000
RUN,2020-08-18T14:16:09.273735Z,market,buy,0.00,1.08622900,46.03080000
JMIA,2020-08-17T19:59:14.482576Z,market,buy,0.00,4.68115200,11.96290000
AYX,2020-08-17T19:51:02.414864Z,market,buy,0.00,0.21728700,115.05520000
O,2020-08-17T19:29:25.554507Z,market,buy,0.00,0.16166800,61.85520000
TDOC,2020-08-17T19:28:42.152820Z,market,buy,0.00,0.04859300,205.79100000
BLNK,2020-08-17T18:51:30.452977Z,market,buy,0.00,2.38436400,10.48500000
AMZN,2020-08-17T18:47:20.561484Z,market,buy,0.00,0.00784900,3185.11910000
NIO,2020-08-17T18:46:51.909000Z,market,sell,0.00,2.00000000,13.92500000
NIO,2020-08-17T18:46:04.977000Z,market,sell,0.00,2.00000000,13.92500000
ENPH,2020-08-17T18:40:17.412433Z,market,buy,0.00,0.19962700,75.14010000
AYX,2020-08-17T18:39:56.226232Z,market,buy,0.00,0.26228300,114.38030000
LYFT,2020-08-17T18:39:12.691000Z,market,buy,0.00,1.00000000,27.18000000
UBER,2020-08-17T18:38:58.889000Z,market,buy,0.00,1.00000000,29.59000000
UBER,2020-08-17T15:33:54.747989Z,market,buy,0.00,0.33869600,29.52500000
RUN,2020-08-17T15:15:09.922717Z,market,buy,0.00,0.21001700,47.61520000
BLNK,2020-08-17T15:13:01.804694Z,market,buy,0.00,2.35066200,10.63530000
BLNK,2020-08-17T15:12:31.203555Z,market,buy,0.00,2.35440300,10.61840000
JMIA,2020-08-17T15:12:10.233992Z,market,buy,0.00,4.05849100,12.31980000
PNTG,2020-08-17T15:09:04.413904Z,market,sell,0.00,0.51632800,38.73510000
BLNK,2020-08-17T15:06:04.229996Z,market,buy,0.00,2.37419100,10.52990000
JMIA,2020-08-17T15:05:06.495167Z,market,buy,0.00,3.25805400,12.27730000
JMIA,2020-08-17T15:04:40.719326Z,market,buy,0.00,2.04084800,12.24980000
JMIA,2020-08-17T15:03:08.732105Z,market,buy,0.00,2.04090300,12.24950000
KMI,2020-08-17T14:59:14.668806Z,market,sell,0.00,3.47171100,14.40210000
JMIA,2020-08-17T14:54:40.730321Z,market,buy,0.00,2.06274800,12.11980000
BLNK,2020-08-17T14:49:09.464092Z,market,buy,0.00,2.36107800,10.58840000
JMIA,2020-08-17T14:46:37.481952Z,market,buy,0.00,2.08341900,11.99950000
TSLA,2020-08-17T14:31:19.315963Z,market,buy,0.00,0.00565400,1768.65940000
TAN,2020-08-17T14:29:50.130000Z,limit,sell,0.00,5.00000000,52.26800000
PLUG,2020-08-17T14:28:58.716000Z,limit,sell,0.00,11.00000000,12.06000000
PNTG,2020-08-17T14:28:15.218000Z,limit,sell,0.00,2.00000000,39.00000000
JMIA,2020-08-17T14:27:23.998000Z,market,buy,0.00,2.00000000,12.25000000
NIO,2020-08-17T14:20:07.547000Z,market,sell,0.00,5.00000000,13.40000000
DAL,2020-08-17T14:12:11.220733Z,market,buy,0.00,0.88857200,28.13500000
JPM,2020-08-17T14:09:05.112149Z,market,buy,0.00,0.49527000,100.95500000
NIO,2020-08-17T14:06:58.194000Z,market,sell,0.00,5.00000000,13.51200000
LNG,2020-08-17T13:52:32.501620Z,market,sell,0.00,0.92989800,53.76930000
KMI,2020-08-17T13:52:16.659507Z,market,sell,0.00,3.50087500,14.28210000
PLUG,2020-08-14T20:53:00.552639Z,market,sell,0.00,8.77213500,11.39970000
PNTG,2020-08-14T19:17:52.929179Z,market,buy,0.00,1.43020500,34.96000000
DAL,2020-08-14T19:17:09.315323Z,market,sell,0.00,3.46594900,28.85210000
JMIA,2020-08-14T18:50:08.498526Z,market,buy,0.00,1.84706300,13.53500000
LYFT,2020-08-14T18:47:01.619446Z,market,buy,0.00,0.35174100,28.43000000
PNTG,2020-08-14T18:38:15.159375Z,market,buy,0.00,1.12169900,35.66020000
PNTG,2020-08-14T18:38:02.649955Z,market,buy,0.00,0.28129300,35.55010000
ENPH,2020-08-14T18:37:05.214767Z,market,buy,0.00,0.33919000,73.70500000
FB,2020-08-14T16:48:18.512886Z,market,buy,0.00,0.03841900,260.28790000
AMZN,2020-08-14T16:48:02.829077Z,market,buy,0.00,0.01269200,3151.59160000
AAPL,2020-08-14T16:47:42.055193Z,market,buy,0.00,0.05444400,459.18740000
AAPL,2020-08-14T16:45:59.709083Z,market,buy,0.00,0.03265800,459.30550000
GOOGL,2020-08-14T16:04:12.207389Z,market,buy,0.00,0.01654600,1510.93920000
AAPL,2020-08-14T16:03:20.910631Z,market,buy,0.00,0.05476900,456.46260000
AAPL,2020-08-14T15:35:18.711512Z,market,buy,0.00,0.02193500,455.89240000
AMZN,2020-08-14T15:34:57.154558Z,market,buy,0.00,0.00317500,3149.60630000
JMIA,2020-08-14T14:52:20.700000Z,market,buy,0.00,1.00000000,13.32000000
TAN,2020-08-14T14:45:24.295000Z,market,buy,0.00,1.00000000,51.88000000
NIO,2020-08-14T14:40:13Z,market,buy,0.00,5.00000000,12.87000000
NIO,2020-08-14T14:15:46.708000Z,market,buy,0.00,5.00000000,12.83000000
NIO,2020-08-14T14:11:43.563000Z,market,buy,0.00,1.00000000,12.82000000
NIO,2020-08-14T14:11:35.363000Z,market,buy,0.00,3.00000000,12.83000000
GLOP,2020-08-14T14:10:08.943000Z,market,buy,0.00,2.00000000,4.08000000
NIO,2020-08-14T14:05:50.905000Z,market,buy,0.00,1.00000000,12.74000000
BLNK,2020-08-13T20:31:56.528162Z,market,buy,0.00,4.15980000,12.01980000
BLNK,2020-08-13T20:31:31.161754Z,market,buy,0.00,3.36134400,11.90000000
BLNK,2020-08-13T20:31:02.912730Z,market,buy,0.00,0.84745700,11.80000000
PNTG,2020-08-13T16:42:02.255205Z,market,sell,0.00,1.06869100,36.38100000
JMIA,2020-08-13T15:37:28.355000Z,market,sell,0.00,20.00000000,14.48100000
DAL,2020-08-13T15:31:45.373600Z,market,buy,0.00,0.86850700,28.78500000
GOOGL,2020-08-13T14:33:38.923668Z,market,buy,0.00,0.01634800,1529.23910000
ENPH,2020-08-13T14:17:35.721403Z,market,sell,0.00,0.86421900,74.05530000
JMIA,2020-08-13T13:38:19.612000Z,market,buy,0.00,10.00000000,13.59000000
GE,2020-08-13T13:36:23.347000Z,market,buy,0.00,5.00000000,6.65800000
TAN,2020-08-13T13:34:18.371000Z,market,buy,0.00,2.00000000,51.86500000
PLUG,2020-08-13T13:30:01.658000Z,market,buy,0.00,10.00000000,11.14000000
ENSG,2020-08-12T19:59:36.404738Z,market,buy,0.00,0.44393100,56.31510000
TAN,2020-08-12T19:54:59.957000Z,market,sell,0.00,2.00000000,51.11500000
JPM,2020-08-12T19:51:27.469594Z,market,buy,0.00,0.24221200,103.21540000
GE,2020-08-12T19:45:01.680000Z,market,buy,0.00,5.00000000,6.72800000
PLUG,2020-08-12T19:44:18.676000Z,market,buy,0.00,5.00000000,10.64800000
GE,2020-08-12T19:27:50.640000Z,market,buy,0.00,5.00000000,6.72600000
STNE,2020-08-12T19:17:13.647000Z,market,buy,0.00,1.00000000,49.70000000
STNE,2020-08-12T19:13:57.606000Z,market,buy,0.00,1.00000000,49.46000000
GE,2020-08-12T19:12:01.429000Z,market,buy,0.00,4.00000000,6.69000000
STNE,2020-08-12T19:02:01.558526Z,market,buy,0.00,0.81300800,49.20000000
DAL,2020-08-12T18:54:49.373238Z,market,buy,0.00,1.37386200,29.11500000
STNE,2020-08-12T18:43:59.912621Z,market,buy,0.00,0.20354100,49.13020000
JPM,2020-08-12T18:37:09.305987Z,market,buy,0.00,0.24347400,102.68040000
PLUG,2020-08-12T18:14:42.470000Z,market,buy,0.00,3.00000000,10.57000000
ENSG,2020-08-12T18:08:19.022114Z,market,buy,0.00,0.44579100,56.08010000
PLUG,2020-08-12T18:07:29.018989Z,market,buy,0.00,0.94562600,10.57500000
AYX,2020-08-12T18:07:07.906919Z,market,buy,0.00,0.09227600,108.37050000
ENPH,2020-08-12T17:12:03.567000Z,limit,sell,0.00,2.00000000,70.53500000
TAN,2020-08-12T17:02:44.273000Z,market,sell,0.00,1.00000000,51.24000000
JMIA,2020-08-12T16:51:32.292000Z,market,buy,0.00,4.00000000,13.09250000
JMIA,2020-08-12T16:51:20.502000Z,market,buy,0.00,5.00000000,13.11000000
JMIA,2020-08-12T16:47:01.073000Z,market,buy,0.00,1.00000000,12.93000000
RUN,2020-08-12T16:37:42.281000Z,market,sell,0.00,5.00000000,45.34000000
DAL,2020-08-12T16:35:48.122000Z,market,buy,0.00,2.00000000,29.00000000
PLUG,2020-08-12T15:39:18.277000Z,market,buy,0.00,1.00000000,10.41000000
DAL,2020-08-12T15:28:21.120395Z,market,buy,0.00,1.38913000,28.79500000
ENSG,2020-08-12T15:27:14.024938Z,market,buy,0.00,0.70821500,56.48000000
FUJHY,2020-08-12T15:24:48.478000Z,market,sell,0.00,2.00000000,10.48000000
AYX,2020-08-12T15:23:57.408965Z,market,buy,0.00,0.08923300,112.06620000
DAL,2020-08-12T15:23:08.133988Z,market,buy,0.00,0.34946700,28.61500000
GE,2020-08-12T14:59:37.599000Z,market,buy,0.00,1.00000000,6.68000000
PNTG,2020-08-12T14:47:59.556000Z,market,sell,0.00,4.00000000,33.52000000
GLOP,2020-08-12T14:39:52.394000Z,market,buy,0.00,1.00000000,4.43000000
KMI,2020-08-12T14:34:41.899000Z,market,buy,0.00,5.00000000,14.62800000
PNTG,2020-08-12T14:16:54.654000Z,market,sell,0.00,5.00000000,33.63000000
PNTG,2020-08-12T14:15:49.962000Z,market,sell,0.02,15.00000000,34.57000000
RUN,2020-08-12T14:13:21.328000Z,market,sell,0.00,5.00000000,43.84000000
GOOGL,2020-08-12T14:07:06.404276Z,market,buy,0.00,0.02657600,1505.11740000
JPM,2020-08-12T14:06:42.632644Z,market,buy,0.00,0.38013700,105.22520000
RUN,2020-08-12T13:57:44.659000Z,market,sell,0.00,10.00000000,44.10000000
PNTG,2020-08-11T19:59:21.187000Z,market,buy,0.00,5.00000000,26.38000000
ENPH,2020-08-11T19:36:29.306000Z,market,buy,0.00,1.00000000,67.93000000
PNTG,2020-08-11T19:20:49.019000Z,market,buy,0.00,1.00000000,27.37000000
RUN,2020-08-11T19:18:30.626000Z,market,buy,0.00,2.00000000,42.68500000
RUN,2020-08-11T19:07:34.318000Z,market,buy,0.00,3.00000000,42.93000000
ENPH,2020-08-11T19:03:46.148000Z,market,buy,0.00,1.00000000,68.78000000
ENPH,2020-08-11T15:08:54.265000Z,market,buy,0.00,1.00000000,69.75000000
GOOGL,2020-08-11T15:07:09.988262Z,market,buy,0.00,0.00669900,1492.76010000
LNG,2020-08-11T15:01:10.069000Z,market,buy,0.00,1.00000000,54.55000000
RUN,2020-08-11T15:00:43.178000Z,market,buy,0.00,5.00000000,43.70000000
JPM,2020-08-11T14:51:12.833630Z,market,buy,0.00,0.09489000,105.38520000
RUN,2020-08-11T14:39:54.350000Z,market,buy,0.00,10.00000000,43.17000000
PNTG,2020-08-11T14:21:11.665000Z,market,buy,0.00,3.00000000,27.37000000
TSLA,2020-08-11T14:04:09.608117Z,market,sell,0.00,0.13863300,1401.68650000
AAPL,2020-08-11T14:03:58.687956Z,market,sell,0.00,0.22455100,446.62460000
PNTG,2020-08-11T13:52:41.177000Z,market,buy,0.00,5.00000000,28.20000000
IDEX,2020-08-11T13:30:02.324000Z,market,sell,0.01,100.00000000,1.43000000
VSLR,2020-08-10T19:45:39.565000Z,market,sell,0.00,5.00000000,25.84000000
DIS,2020-08-10T18:53:18.041190Z,market,sell,0.00,1.54202800,128.53850000
IDEX,2020-08-10T18:51:15.446000Z,market,buy,0.00,100.00000000,1.81500000
ENSG,2020-08-10T18:44:23.537451Z,market,buy,0.00,0.17879400,55.93030000
KMI,2020-08-10T16:15:43.050000Z,market,buy,0.00,10.00000000,14.50000000
VSLR,2020-08-10T14:24:22.431000Z,market,sell,0.00,5.00000000,25.99600000
TSLA,2020-08-10T14:14:58.024886Z,market,buy,0.00,0.06971400,1434.43210000
VSLR,2020-08-07T19:58:00.951000Z,market,buy,0.00,5.00000000,25.22000000
TSLA,2020-08-07T19:54:46.729647Z,market,buy,0.00,0.06891900,1450.97870000
VSLR,2020-08-07T19:24:39.274000Z,market,buy,0.00,5.00000000,24.93600000
ENSG,2020-08-07T19:17:59.004054Z,market,sell,0.00,2.07630900,56.96650000
PNTG,2020-08-07T19:16:49.914000Z,market,buy,0.00,1.00000000,27.35000000
PFE,2020-08-07T18:55:56.791000Z,market,sell,0.03,30.00000000,38.51500000
RUN,2020-08-07T17:10:35.281091Z,market,sell,0.00,4.26694100,45.05340000
JMIA,2020-08-07T15:15:25.726000Z,market,sell,0.00,10.00000000,18.80000000
LNG,2020-08-07T15:15:05.860000Z,market,buy,0.00,1.00000000,52.93000000
FUJHY,2020-08-07T14:58:34.361000Z,market,buy,0.00,1.00000000,9.57000000
DIS,2020-08-07T14:42:17.582810Z,market,buy,0.00,0.76091900,131.42000000
LNG,2020-08-06T19:59:04.546000Z,market,buy,0.00,2.00000000,53.10000000
MS,2020-08-06T19:54:46.476000Z,market,sell,0.00,3.00000000,49.39670000
BAC,2020-08-06T19:54:29.152000Z,market,sell,0.00,5.00000000,25.36200000
MS,2020-08-06T19:52:28.094000Z,market,sell,0.00,2.00000000,49.40500000
RUN,2020-08-06T19:37:33.458000Z,market,buy,0.00,1.00000000,46.41000000
PNTG,2020-08-06T18:59:43.075000Z,market,buy,0.00,1.00000000,27.86000000
JMIA,2020-08-06T18:43:13.199000Z,market,buy,0.00,10.00000000,17.13400000
PNTG,2020-08-06T18:40:21.744000Z,market,buy,0.00,2.00000000,27.83000000
PNTG,2020-08-06T18:27:59.742000Z,market,buy,0.00,3.00000000,27.45000000
VSLR,2020-08-06T17:37:44.006986Z,market,sell,0.00,1.85551300,25.41080000
AAPL,2020-08-06T14:11:36.498767Z,market,buy,0.00,0.11220000,445.63280000
DIS,2020-08-06T14:11:23.299532Z,market,buy,0.00,0.39030400,128.10530000
TAN,2020-08-06T14:10:27.252000Z,market,buy,0.00,1.00000000,50.67000000
AAPL,2020-08-06T14:08:44.935756Z,market,buy,0.00,0.08982600,445.30540000
DIS,2020-08-06T14:08:31.636766Z,market,buy,0.00,0.31256100,127.97500000
AAPL,2020-08-06T14:05:40.835122Z,market,buy,0.00,0.02252500,443.95120000
DIS,2020-08-06T14:04:21.345070Z,market,buy,0.00,0.07824400,127.80530000
VSLR,2020-08-06T14:02:20.257722Z,market,sell,0.00,3.14448700,25.44140000
RUN,2020-08-06T14:02:06.755902Z,market,sell,0.00,1.73305900,46.16120000
KMI,2020-08-06T13:43:37.566699Z,market,buy,0.00,6.21546900,14.48000000
PNTG,2020-08-06T13:43:09.052130Z,market,buy,0.00,3.68422400,26.59990000
LNG,2020-08-06T13:42:00.097383Z,market,buy,0.00,0.93949800,53.21990000
PNTG,2020-08-05T19:32:18.949678Z,market,buy,0.00,0.38446700,26.01000000
LNG,2020-08-05T19:03:37.649217Z,market,buy,0.00,0.76834400,52.06000000
ENSG,2020-08-05T16:50:35.577668Z,market,buy,0.00,1.02769200,48.65270000
ENSG,2020-08-05T15:14:40.074882Z,market,buy,0.00,0.83804700,47.73000000
ENSG,2020-08-05T15:01:53.451588Z,market,buy,0.00,0.21057000,47.49010000
MS,2020-08-05T14:59:34.115000Z,market,buy,0.00,2.00000000,49.78500000
TAN,2020-08-05T14:47:32.578000Z,market,buy,0.00,3.00000000,49.26670000
VSLR,2020-08-05T14:46:48.246000Z,market,buy,0.00,4.00000000,23.03000000
RUN,2020-08-05T14:38:11.283000Z,market,buy,0.00,4.00000000,41.75000000
VSLR,2020-08-05T14:14:10.081000Z,market,buy,0.00,1.00000000,22.97000000
RUN,2020-08-05T14:13:57.404000Z,market,buy,0.00,1.00000000,41.92000000
TAN,2020-08-05T14:09:34.049000Z,market,buy,0.00,2.00000000,49.18000000
JMIA,2020-08-05T14:07:38.845292Z,market,sell,0.00,10.27809900,17.93040000
DIS,2020-08-05T14:02:22.239000Z,market,sell,0.00,1.00000000,127.87000000
WKHS,2020-08-05T13:59:29.167000Z,market,sell,0.00,5.00000000,17.54600000
DIS,2020-08-04T20:33:54.927000Z,market,buy,0.00,1.00000000,117.89000000
JMIA,2020-08-04T19:59:47.701000Z,market,buy,0.00,5.00000000,16.27800000
KMI,2020-08-04T19:46:49.290178Z,market,buy,0.00,0.69180200,14.45500000
JMIA,2020-08-04T15:41:17.347846Z,market,buy,0.00,5.27809900,18.94620000
TAN,2020-08-04T15:26:49.740000Z,market,sell,0.00,5.00000000,48.55000000
LNG,2020-08-04T15:25:18.351689Z,market,buy,0.00,0.19277100,51.87500000
FUJHY,2020-08-04T14:48:11.204000Z,market,buy,0.00,1.00000000,9.96000000
JPM,2020-08-04T14:35:09.249581Z,market,sell,0.00,0.16370700,95.17000000
WKHS,2020-08-04T14:17:33.304000Z,market,buy,0.00,5.00000000,18.26600000
TAN,2020-08-04T13:35:30.413000Z,market,sell,0.02,15.00000000,47.81000000
BAC,2020-08-04T13:31:04.450000Z,market,sell,0.00,5.00000000,24.95200000
JPM,2020-08-04T13:30:45.444105Z,market,sell,0.00,0.83629300,95.66030000
BLNK,2020-08-04T13:29:06.924000Z,market,sell,0.00,10.00000000,12.86000000
JPM,2020-08-03T19:44:46.215000Z,market,buy,0.00,1.00000000,96.53000000
BLNK,2020-08-03T15:03:38.595000Z,market,buy,0.00,10.00000000,10.16400000
MSFT,2020-08-03T14:38:29.679000Z,market,sell,0.03,5.00000000,213.11600000
MSFT,2020-08-03T13:53:49.337000Z,market,sell,0.03,5.00000000,212.63200000
MS,2020-07-31T19:57:05.169000Z,market,buy,0.00,3.00000000,48.75000000
BAC,2020-07-31T19:56:27.337000Z,market,buy,0.00,10.00000000,24.79800000
PFE,2020-07-31T14:32:37.400000Z,market,buy,0.00,5.00000000,38.27600000
SPXS,2020-07-30T17:15:41.117101Z,market,sell,0.01,59.28353100,6.66150000
PFE,2020-07-30T14:35:09.035000Z,market,buy,0.00,5.00000000,38.34600000
MSFT,2020-07-30T14:33:19.464000Z,market,buy,0.00,10.00000000,200.44900000
UVXY,2020-07-30T14:32:53.777000Z,market,sell,0.02,20.00000000,27.89100000
PFE,2020-07-30T14:12:15.822000Z,market,buy,0.00,5.00000000,38.51800000
PFE,2020-07-30T13:52:33.114000Z,market,buy,0.00,5.00000000,38.52600000
PFE,2020-07-30T13:32:56.540000Z,market,buy,0.00,5.00000000,38.60200000
UVXY,2020-07-30T13:07:40.919000Z,market,buy,0.00,20.00000000,26.70000000
TQQQ,2020-07-30T13:05:49.274718Z,market,sell,0.00,4.00126200,108.33080000
MSFT,2020-07-30T13:05:37.804000Z,market,sell,0.02,4.00000000,201.33000000
MSFT,2020-07-30T13:05:26.156000Z,market,sell,0.03,5.00000000,201.33000000
BA,2020-07-30T13:05:05.722610Z,market,sell,0.00,0.59775200,163.06090000
SPXS,2020-07-30T13:04:52.862801Z,market,buy,0.00,29.28353100,6.82980000
TSLA,2020-07-30T13:03:45.562325Z,market,sell,0.00,0.19200900,1486.75320000
TQQQ,2020-07-29T18:49:22.203952Z,market,sell,0.00,1.87318500,112.38080000
TSLA,2020-07-29T18:48:33.552901Z,market,sell,0.00,0.13885300,1516.56790000
BA,2020-07-29T18:39:40.023527Z,market,buy,0.00,0.53761800,167.40510000
BA,2020-07-29T18:30:04.458888Z,market,buy,0.00,0.06013400,166.29530000
PFE,2020-07-29T14:40:07.063000Z,market,buy,0.00,1.00000000,38.62000000
PFE,2020-07-29T14:28:35.704000Z,market,buy,0.00,1.00000000,38.57000000
TQQQ,2020-07-28T20:08:25.804000Z,market,buy,0.00,1.00000000,108.20000000
TAN,2020-07-28T14:04:24.841000Z,market,buy,0.00,5.00000000,45.36000000
TQQQ,2020-07-28T14:04:07.470763Z,market,buy,0.00,1.81235700,110.35350000
TSLA,2020-07-28T13:59:56.131124Z,market,buy,0.00,0.13357600,1497.27500000
PFE,2020-07-27T20:02:39.877000Z,market,buy,0.00,2.00000000,37.63000000
TQQQ,2020-07-27T19:44:01.301040Z,market,sell,0.00,0.93791000,112.24960000
TSLA,2020-07-27T19:43:38.209324Z,market,sell,0.00,0.20492300,1541.60340000
PFE,2020-07-27T14:26:43.856000Z,market,buy,0.00,1.00000000,37.72000000
SPXS,2020-07-24T13:59:10.919000Z,market,sell,0.00,10.00000000,6.90200000
TQQQ,2020-07-24T13:58:32.562000Z,market,buy,0.00,1.00000000,103.49000000
SPXS,2020-07-24T13:58:17.539000Z,market,sell,0.00,20.00000000,6.91000000
TSLA,2020-07-24T13:58:00.663711Z,market,buy,0.00,0.21395500,1402.16400000
TAN,2020-07-24T13:57:23.218000Z,market,buy,0.00,5.00000000,44.23000000
UVXY,2020-07-24T13:55:59.749087Z,market,sell,0.00,4.02315900,28.46520000
MSFT,2020-07-24T14:01:14.055000Z,market,buy,0.00,5.00000000,200.25000000
SPXS,2020-07-24T13:48:31.870000Z,market,sell,0.00,10.00000000,6.92500000
UVXY,2020-07-24T13:47:30.853000Z,market,sell,0.00,1.00000000,28.56000000
TSLA,2020-07-23T18:35:26.219664Z,market,buy,0.00,0.06634400,1507.29530000
SPXS,2020-07-23T18:34:04.459000Z,market,sell,0.00,10.00000000,6.76000000
MSFT,2020-07-23T18:33:47.561000Z,market,buy,0.00,1.00000000,203.72000000
TQQQ,2020-07-23T18:33:31.723000Z,market,buy,0.00,1.00000000,110.06000000
SPXS,2020-07-23T18:31:07.557000Z,market,sell,0.00,10.00000000,6.79100000
SPXS,2020-07-23T18:28:19.127000Z,market,sell,0.00,5.00000000,6.77000000
UVXY,2020-07-23T18:28:07.276000Z,market,sell,0.00,1.00000000,27.03000000
SPXS,2020-07-23T13:48:11.371000Z,market,sell,0.00,5.00000000,6.52200000
MSFT,2020-07-22T15:37:36.800000Z,market,buy,0.00,1.00000000,210.22000000
SQQQ,2020-07-21T19:59:43.537000Z,market,sell,0.05,200.00000000,6.12500000
TQQQ,2020-07-21T19:59:30.324000Z,market,buy,0.00,1.00000000,117.53000000
SQQQ,2020-07-21T19:37:59.449000Z,market,buy,0.00,200.00000000,6.14830000
UVXY,2020-07-21T19:28:57.637000Z,market,sell,0.00,1.00000000,26.29000000
TQQQ,2020-07-21T16:32:31.893000Z,market,buy,0.00,1.00000000,118.95000000
UVXY,2020-07-21T16:32:15.182000Z,market,sell,0.00,1.00000000,26.18000000
TSLA,2020-07-21T13:56:03.831832Z,market,buy,0.00,0.12191000,1640.55450000
SQQQ,2020-07-21T13:55:00.716000Z,market,sell,0.04,150.00000000,5.91000000
SPXU,2020-07-21T13:54:35.816000Z,market,sell,0.03,70.00000000,9.85000000
SQQQ,2020-07-20T19:51:57.087000Z,market,buy,0.00,50.00000000,5.91000000
SQQQ,2020-07-20T15:56:35.883000Z,market,buy,0.00,20.00000000,6.18500000
MSFT,2020-07-20T15:43:24.459000Z,market,buy,0.00,1.00000000,208.04000000
SQQQ,2020-07-20T17:40:53.486000Z,limit,buy,0.00,30.00000000,6.10000000
SQQQ,2020-07-17T13:48:21.371000Z,market,buy,0.00,20.00000000,6.61000000
SQQQ,2020-07-17T13:47:26.260000Z,market,buy,0.00,30.00000000,6.59900000
TQQQ,2020-07-17T13:42:47.920000Z,market,sell,0.00,4.00000000,111.49500000
UPRO,2020-07-17T13:42:26.121000Z,market,sell,0.00,2.00000000,49.85500000
NIO,2020-07-17T13:41:43.031000Z,market,sell,0.00,30.00000000,11.72000000
NIO,2020-07-16T16:57:13.718000Z,market,buy,0.00,10.00000000,12.90500000
SPXU,2020-07-16T16:00:44.300000Z,market,sell,0.00,5.00000000,10.52000000
TQQQ,2020-07-16T16:00:01.492000Z,market,buy,0.00,1.00000000,109.07000000
MSFT,2020-07-16T15:56:31.469000Z,market,buy,0.00,1.00000000,203.60000000
NIO,2020-07-16T13:39:59.632000Z,market,buy,0.00,20.00000000,12.96750000
UVXY,2020-07-16T13:38:43.637000Z,market,sell,0.00,2.00000000,30.77000000
TAN,2020-07-16T13:38:24.866000Z,market,buy,0.00,5.00000000,43.37800000
TQQQ,2020-07-16T13:37:59.205000Z,market,buy,0.00,2.00000000,110.02000000
TQQQ,2020-07-16T13:37:07.605000Z,market,buy,0.00,1.00000000,109.71000000
UVXY,2020-07-16T13:36:48.295000Z,market,sell,0.00,3.00000000,30.90670000
SDOW,2020-07-16T13:36:28.668000Z,market,sell,0.00,10.00000000,21.34000000
SDOW,2020-07-16T13:36:02.776000Z,market,sell,0.00,5.00000000,21.37600000
UPRO,2020-07-15T20:00:56.868000Z,market,buy,0.00,2.00000000,50.16000000
TCEHY,2020-07-15T19:54:24.537467Z,market,sell,0.00,1.92782500,69.91820000
TAN,2020-07-15T14:19:21.774000Z,market,buy,0.00,5.00000000,43.93800000
PLUG,2020-07-15T14:16:20.761000Z,market,sell,0.00,10.00000000,8.86200000
NIO,2020-07-15T14:15:34.100000Z,market,sell,0.00,20.00000000,13.35300000
SPXU,2020-07-15T13:50:30.856000Z,market,buy,0.00,10.00000000,10.28900000
TQQQ,2020-07-14T20:07:01.795807Z,market,sell,0.00,2.89347100,112.72970000
SPXU,2020-07-14T19:54:34.472000Z,market,buy,0.00,5.00000000,10.61000000
SPXU,2020-07-14T19:53:30.049000Z,market,buy,0.00,5.00000000,10.62000000
TQQQ,2020-07-14T19:52:50.551887Z,market,buy,0.00,0.44163700,113.21520000
SPXU,2020-07-14T19:51:10.526000Z,market,buy,0.00,5.00000000,10.63000000
SPXU,2020-07-14T19:50:36.095000Z,market,buy,0.00,5.00000000,10.64800000
PLUG,2020-07-14T19:13:40.977000Z,market,sell,0.00,5.00000000,8.57200000
PLUG,2020-07-14T19:08:26.030000Z,market,sell,0.00,5.00000000,8.58000000
TAN,2020-07-14T19:07:30.344143Z,market,sell,0.00,3.42267100,42.53990000
SPXU,2020-07-14T18:58:54.733000Z,market,buy,0.00,5.00000000,10.78800000
TQQQ,2020-07-14T18:43:39.324842Z,market,buy,0.00,0.45183400,110.66010000
PLUG,2020-07-14T18:39:57.954000Z,market,sell,0.00,5.00000000,8.58000000
SPXU,2020-07-14T17:02:32.288000Z,market,buy,0.00,7.00000000,11.03000000
MSFT,2020-07-14T16:58:57.509686Z,market,sell,0.00,0.46207400,205.98430000
UVXY,2020-07-14T16:52:54.718000Z,market,buy,0.00,1.00000000,32.91000000
NIO,2020-07-14T14:36:57.468000Z,market,buy,0.00,10.00000000,13.16800000
TQQQ,2020-07-14T14:28:23.942000Z,market,buy,0.00,1.00000000,105.98000000
SQQQ,2020-07-14T14:27:56.702000Z,market,sell,0.00,50.00000000,6.85060000
SQQQ,2020-07-14T14:26:54.848000Z,market,sell,0.00,15.00000000,6.84530000
TQQQ,2020-07-14T14:26:32.257000Z,market,buy,0.00,1.00000000,105.84000000
UVXY,2020-07-14T14:02:32.737000Z,market,buy,0.00,2.00000000,34.76000000
SQQQ,2020-07-14T13:59:11.398000Z,market,sell,0.00,15.00000000,6.82530000
TAN,2020-07-14T13:53:11.349336Z,market,sell,0.00,2.58131100,40.84750000
MSFT,2020-07-14T13:52:36.274142Z,market,sell,0.00,0.51618200,203.90090000
PLUG,2020-07-14T13:48:58.943000Z,market,sell,0.00,25.00000000,8.43000000
UVXY,2020-07-14T13:45:24.748000Z,market,buy,0.00,2.00000000,33.66000000
NIO,2020-07-14T13:43:05.270000Z,market,buy,0.00,5.00000000,13.61000000
UVXY,2020-07-13T20:26:56.100000Z,market,sell,0.00,4.00000000,34.25000000
PLUG,2020-07-13T20:25:18.071000Z,market,buy,0.00,20.00000000,8.46000000
SDOW,2020-07-13T20:24:38Z,market,sell,0.00,15.00000000,22.83000000
TSLA,2020-07-13T20:12:21.723252Z,market,sell,0.00,0.09870400,1487.07250000
TSLA,2020-07-13T20:02:54.076540Z,market,buy,0.00,0.03315500,1508.06820000
MSFT,2020-07-13T20:02:26.781420Z,market,buy,0.00,0.24122500,207.27540000
SQQQ,2020-07-13T20:01:32.506000Z,market,sell,0.00,5.00000000,6.53000000
SQQQ,2020-07-13T19:59:42.018000Z,market,sell,0.00,15.00000000,6.57530000
PLUG,2020-07-13T19:59:11.287000Z,market,sell,0.00,5.00000000,8.31200000
SPXU,2020-07-10T19:59:00.869000Z,market,buy,0.00,1.00000000,10.76000000
SPXU,2020-07-10T19:58:44.979000Z,market,buy,0.00,1.00000000,10.76000000
SPXU,2020-07-10T19:58:36.554000Z,market,buy,0.00,1.00000000,10.77000000
SPXU,2020-07-10T18:55:55.563000Z,market,buy,0.00,5.00000000,10.87000000
SPXU,2020-07-10T18:39:05.194000Z,market,buy,0.00,5.00000000,10.88000000
TSLA,2020-07-10T14:39:32.572563Z,market,buy,0.00,0.01412700,1415.72870000
TSLA,2020-07-10T14:39:16.113082Z,market,buy,0.00,0.01414100,1414.32710000
SPXU,2020-07-10T14:35:58.564000Z,market,buy,0.00,5.00000000,11.07000000
NIO,2020-07-10T14:31:17.584000Z,market,buy,0.00,2.00000000,15.10000000
TCEHY,2020-07-10T14:30:48.719239Z,market,buy,0.00,0.28441400,70.32000000
MSFT,2020-07-10T14:26:41.566267Z,market,buy,0.00,0.09405100,212.65060000
MSFT,2020-07-10T14:22:49.882640Z,market,buy,0.00,0.09430400,212.08010000
TAN,2020-07-10T14:18:21.415757Z,market,buy,0.00,0.48672900,41.09060000
AAPL,2020-07-10T13:54:47.381608Z,market,sell,0.00,0.21701500,379.60510000
SPXU,2020-07-10T13:54:07.750000Z,market,buy,0.00,5.00000000,11.17000000
DFS,2020-07-10T13:50:42.615000Z,market,sell,0.00,1.00000000,47.00000000
SPXU,2020-07-10T13:49:22.284000Z,market,buy,0.00,5.00000000,11.09000000
MSFT,2020-07-10T13:46:40.013493Z,market,buy,0.00,0.09416100,212.40220000
NIO,2020-07-10T13:45:29.292000Z,market,buy,0.00,2.00000000,15.04000000
SQQQ,2020-07-10T13:44:51.693000Z,market,sell,0.00,30.00000000,6.40170000
SPXU,2020-07-10T13:43:12.873000Z,market,buy,0.00,5.00000000,11.11000000
NIO,2020-07-09T19:59:34.949000Z,market,buy,0.00,1.00000000,14.56000000
SDOW,2020-07-09T19:15:05.203000Z,market,sell,0.00,10.00000000,23.84100000
SQQQ,2020-07-09T19:13:21.011000Z,market,buy,0.00,30.00000000,6.29830000
NVDA,2020-07-09T19:12:49.152351Z,market,sell,0.00,0.21906500,421.19920000
SQQQ,2020-07-09T13:59:47.940000Z,market,sell,0.00,20.00000000,6.34150000
PLUG,2020-07-09T13:41:02.393000Z,market,buy,0.00,5.00000000,8.98000000
SQQQ,2020-07-08T19:23:47.649000Z,market,buy,0.00,20.00000000,6.53850000
TSLA,2020-07-08T19:00:16.758559Z,market,buy,0.00,0.03728100,1341.16570000
NIO,2020-07-08T18:50:32.115000Z,market,sell,0.00,11.00000000,12.53550000
UDOW,2020-07-08T15:21:22.171000Z,market,sell,0.00,1.00000000,63.23000000
DFS,2020-07-08T14:02:52.423000Z,market,buy,0.00,1.00000000,48.73000000
PLUG,2020-07-07T16:50:07.219000Z,market,buy,0.00,30.00000000,9.24700000
TCEHY,2020-07-06T19:59:23.654608Z,market,buy,0.00,0.73552400,67.97870000
MSFT,2020-07-06T19:58:42.201118Z,market,sell,0.00,0.45024700,210.44000000
UDOW,2020-07-06T13:59:23.931000Z,market,buy,0.00,1.00000000,66.25000000
SDOW,2020-07-06T13:43:03.987000Z,market,buy,0.00,5.00000000,22.93600000
UVXY,2020-07-02T19:59:17.828000Z,market,buy,0.00,2.00000000,30.43000000
TCEHY,2020-07-02T19:58:14.132432Z,market,buy,0.00,0.75125800,66.55500000
AAPL,2020-07-02T19:57:47.896377Z,market,sell,0.00,0.28920100,364.00290000
TSLA,2020-07-02T19:57:25.299525Z,market,sell,0.00,0.00273400,1207.02270000
TQQQ,2020-07-02T19:55:32.363969Z,market,sell,0.00,0.19206800,102.77610000
UVXY,2020-07-02T19:54:48.585000Z,market,buy,0.00,4.00000000,30.53000000
SQQQ,2020-07-01T19:46:38.481000Z,market,buy,0.00,20.00000000,7.20500000
PDD,2020-07-01T19:38:17.402416Z,market,sell,0.00,0.22528100,85.80400000
SQQQ,2020-07-01T19:37:01.537000Z,market,buy,0.00,30.00000000,7.24000000
PDD,2020-07-01T19:19:13.880966Z,market,sell,0.00,2.22855000,85.03290000
SQQQ,2020-07-01T19:14:07.009000Z,market,buy,0.00,40.00000000,7.28000000
TSLA,2020-07-01T18:38:57.599814Z,market,sell,0.00,0.09393500,1120.88150000
UPRO,2020-07-01T16:04:15.717000Z,market,sell,0.00,3.00000000,45.04000000
SPXU,2020-07-01T13:34:02.731000Z,market,sell,0.00,10.00000000,11.54500000
NVDA,2020-07-01T13:32:36.396415Z,market,buy,0.00,0.06554500,381.41730000
MSFT,2020-07-01T13:31:59.795999Z,market,buy,0.00,0.07388200,203.02640000
SDOW,2020-06-30T19:59:33.339000Z,market,buy,0.00,2.00000000,23.93000000
UPRO,2020-06-30T19:57:25.666000Z,market,sell,0.00,5.00000000,44.66200000
SQQQ,2020-06-30T19:56:46.981000Z,market,buy,0.00,10.00000000,7.52900000
UPRO,2020-06-30T19:45:47.952000Z,market,buy,0.00,2.00000000,44.34500000
TQQQ,2020-06-30T19:44:44.595447Z,market,sell,0.00,1.30363900,96.89030000
UPRO,2020-06-30T19:40:25.584000Z,market,buy,0.00,1.00000000,44.24000000
UPRO,2020-06-30T19:39:04.488000Z,market,buy,0.00,1.00000000,44.21000000
SDOW,2020-06-30T19:36:53.808000Z,market,buy,0.00,1.00000000,24.21000000
SDOW,2020-06-30T19:36:30.780000Z,market,buy,0.00,1.00000000,24.20000000
UPRO,2020-06-30T19:35:27.541000Z,market,buy,0.00,1.00000000,44.23000000
UPRO,2020-06-30T19:34:39.693000Z,market,buy,0.00,1.00000000,44.23000000
MSFT,2020-06-30T19:33:26.113328Z,market,buy,0.00,0.07412500,202.36090000
AAPL,2020-06-30T19:32:55.760083Z,market,buy,0.00,0.04119400,364.13070000
TCEHY,2020-06-30T19:11:58.860556Z,market,buy,0.00,0.15662900,63.84510000
PDD,2020-06-30T17:39:18.903758Z,market,buy,0.00,0.29272200,85.40530000
SPXU,2020-06-30T16:50:11.058000Z,market,buy,0.00,9.00000000,12.07000000
SPXU,2020-06-30T16:49:34.798000Z,market,buy,0.00,1.00000000,12.08000000
UVXY,2020-06-30T16:48:01.268000Z,market,buy,0.00,1.00000000,33.99000000
UVXY,2020-06-30T16:44:08.621000Z,market,buy,0.00,1.00000000,33.81000000
UPRO,2020-06-30T16:42:39.886000Z,market,sell,0.00,1.00000000,43.49000000
AAPL,2020-06-30T16:37:41.605075Z,market,buy,0.00,0.04114200,364.59090000
SDOW,2020-06-30T16:34:04.171000Z,market,buy,0.00,1.00000000,24.51000000
SPXS,2020-06-30T16:32:00.756000Z,market,sell,0.00,1.00000000,7.91000000
PDD,2020-06-30T16:26:53.114316Z,market,buy,0.00,0.34407600,87.19000000
MSFT,2020-06-30T16:26:10.988426Z,market,buy,0.00,0.14882400,201.58040000
UPRO,2020-06-30T16:24:46.626000Z,market,buy,0.00,1.00000000,43.79000000
PDD,2020-06-30T16:12:01.096888Z,market,buy,0.00,0.17172200,87.35050000
PDD,2020-06-30T16:11:48.611241Z,market,buy,0.00,0.17188000,87.27020000
PDD,2020-06-30T16:11:00.862039Z,market,buy,0.00,0.17194900,87.23520000
AAPL,2020-06-30T14:15:49.963367Z,market,buy,0.00,0.04113000,364.69730000
BABA,2020-06-30T14:12:10.945010Z,market,sell,0.00,0.53307200,215.07410000
TAN,2020-06-30T14:11:39.160486Z,market,buy,0.00,0.41649300,36.01500000
TAN,2020-06-30T14:06:22.203179Z,market,buy,0.00,0.41724600,35.95000000
PDD,2020-06-30T14:05:49.961305Z,market,buy,0.00,0.16818900,89.18540000
PDD,2020-06-30T14:04:14.118492Z,market,buy,0.00,0.16830200,89.12550000
TAN,2020-06-30T14:01:25.276622Z,market,buy,0.00,0.41829300,35.86000000
TSLA,2020-06-30T14:01:10.959400Z,market,buy,0.00,0.01926400,1038.20600000
NIO,2020-06-30T14:00:53.041000Z,market,buy,0.00,1.00000000,7.68000000
TSLA,2020-06-30T13:56:55.338716Z,market,buy,0.00,0.01453500,1031.99170000
UPRO,2020-06-30T13:51:38.601000Z,market,sell,0.00,1.00000000,42.55000000
TQQQ,2020-06-30T13:50:58.402000Z,market,sell,0.00,1.00000000,93.72000000
BAC,2020-06-30T13:50:10.690000Z,market,sell,0.00,2.00000000,23.47500000
TSLA,2020-06-30T13:46:15.698893Z,market,buy,0.00,0.04855900,1029.67520000
TAN,2020-06-30T13:45:39.202989Z,market,buy,0.00,0.41718800,35.95500000
AAPL,2020-06-30T13:45:00.709279Z,market,buy,0.00,0.13780500,362.83150000
MSFT,2020-06-30T13:36:40.933419Z,market,buy,0.00,0.05037600,198.50720000
UVXY,2020-06-29T19:59:09.108000Z,market,buy,0.00,1.00000000,35.54000000
SDOW,2020-06-29T19:58:43.941000Z,market,buy,0.00,4.00000000,24.80500000
PDD,2020-06-29T19:57:23.639885Z,market,sell,0.00,1.20423800,87.43290000
UVXY,2020-06-29T19:14:47.219744Z,market,buy,0.00,0.41022800,36.56500000
VZ,2020-06-29T19:12:20.139357Z,market,sell,0.00,1.56325900,54.41840000
FB,2020-06-29T19:11:27.235375Z,market,sell,0.00,0.56362100,217.73500000
AAPL,2020-06-29T19:10:57.423435Z,market,sell,0.00,0.29334100,358.89970000
UVXY,2020-06-29T18:52:38.319186Z,market,buy,0.00,0.41090200,36.50510000
UVXY,2020-06-29T18:51:26.729798Z,market,buy,0.00,0.41011600,36.57500000
UVXY,2020-06-29T18:48:34.518483Z,market,buy,0.00,0.41225700,36.38510000
SPXS,2020-06-29T17:31:20.132000Z,market,sell,0.00,4.00000000,8.23000000
UVXY,2020-06-29T16:59:04.752366Z,market,buy,0.00,0.55286800,36.17500000
UVXY,2020-06-29T16:58:21.405108Z,market,buy,0.00,0.27590000,36.24500000
UVXY,2020-06-29T16:58:06.019007Z,market,buy,0.00,0.27574700,36.26510000
TQQQ,2020-06-29T16:35:51.550000Z,market,buy,0.00,1.00000000,91.53000000
UPRO,2020-06-29T16:31:15.501000Z,market,buy,0.00,1.00000000,42.28000000
SDOW,2020-06-29T16:21:53.554000Z,market,buy,0.00,1.00000000,25.00000000
UVXY,2020-06-29T16:20:12.046717Z,market,buy,0.00,0.27514100,36.34500000
SDOW,2020-06-29T16:02:38.817000Z,market,buy,0.00,1.00000000,25.15000000
SDOW,2020-06-29T15:55:54.498000Z,market,buy,0.00,1.00000000,25.23000000
SDOW,2020-06-29T15:46:20.804000Z,market,buy,0.00,1.00000000,25.05000000
SDOW,2020-06-29T15:34:26.430000Z,market,buy,0.00,1.00000000,25.08000000
SDOW,2020-06-29T15:33:58.663000Z,market,buy,0.00,1.00000000,25.03000000
SDOW,2020-06-29T15:30:33.879000Z,market,buy,0.00,2.00000000,25.04500000
UPRO,2020-06-29T15:29:09.250000Z,market,buy,0.00,1.00000000,42.15000000
BAC,2020-06-29T15:27:08.969000Z,market,buy,0.00,1.00000000,23.42000000
BABA,2020-06-29T15:26:44.121090Z,market,buy,0.00,0.06990700,214.57080000
MSFT,2020-06-29T15:26:06.921363Z,market,buy,0.00,0.07612600,197.04170000
SDOW,2020-06-29T15:24:10.758000Z,market,buy,0.00,1.00000000,25.21000000
SDOW,2020-06-29T15:23:24.825000Z,market,buy,0.00,2.00000000,25.25500000
SDOW,2020-06-29T15:21:16.858000Z,market,buy,0.00,1.00000000,25.23000000
SDOW,2020-06-29T15:15:47.148000Z,market,buy,0.00,2.00000000,25.29000000
SDOW,2020-06-29T15:13:46.039000Z,market,buy,0.00,2.00000000,25.28000000
SDOW,2020-06-29T15:06:36.790000Z,market,buy,0.00,3.00000000,25.23000000
SDOW,2020-06-29T14:56:12.967000Z,market,buy,0.00,1.00000000,25.21000000
BABA,2020-06-29T14:46:10.421510Z,market,buy,0.00,0.23156100,215.92580000
BABA,2020-06-29T14:44:57.956906Z,market,buy,0.00,0.23160400,215.88570000
SPXS,2020-06-29T14:39:54.639000Z,market,sell,0.00,5.00000000,8.28600000
UPRO,2020-06-29T14:31:23.689000Z,market,buy,0.00,1.00000000,41.72000000
TQQQ,2020-06-29T14:15:29.219474Z,market,buy,0.00,0.16841600,89.06520000
MSFT,2020-06-29T14:15:14.420555Z,market,buy,0.00,0.07669800,195.57220000
MSFT,2020-06-29T14:14:20.019800Z,market,buy,0.00,0.07672000,195.51620000
SPXS,2020-06-29T14:13:39.972000Z,market,sell,0.00,10.00000000,8.37200000
SPXS,2020-06-29T14:04:19.193000Z,market,sell,0.00,6.00000000,8.43170000
MSFT,2020-06-29T14:02:15.818841Z,market,buy,0.00,0.07694400,194.94700000
TQQQ,2020-06-29T14:01:49.973000Z,market,buy,0.00,1.00000000,88.36000000
NIO,2020-06-29T14:01:18.509000Z,market,buy,0.00,5.00000000,6.87800000
NVDA,2020-06-29T14:00:37.764714Z,market,buy,0.00,0.04158800,360.68100000
NIO,2020-06-29T14:00:12.499000Z,market,buy,0.00,2.00000000,6.86000000
SPXS,2020-06-29T13:59:47.836000Z,market,sell,0.00,10.00000000,8.48200000
SPXS,2020-06-29T13:57:30.614000Z,market,sell,0.00,10.00000000,8.47100000
PDD,2020-06-29T13:56:46.221148Z,market,buy,0.00,0.11776400,84.91560000
BAC,2020-06-29T13:51:20.092000Z,market,buy,0.00,1.00000000,23.53000000
NVDA,2020-06-29T13:44:04.342109Z,market,sell,0.00,0.29249100,359.97690000
TSLA,2020-06-29T13:43:47.667904Z,market,sell,0.00,0.10992100,957.96070000
SDOW,2020-06-29T13:42:02.549000Z,market,buy,0.00,1.00000000,26.13000000
PDD,2020-06-29T13:40:36.421719Z,market,buy,0.00,0.17834800,84.10520000
SDOW,2020-06-29T13:40:09.013000Z,market,buy,0.00,1.00000000,26.08000000
AAPL,2020-06-26T19:59:30.919420Z,market,buy,0.00,0.02825800,353.88210000
AAPL,2020-06-26T19:55:47.219283Z,market,buy,0.00,0.02823300,354.19540000
TQQQ,2020-06-26T19:45:30.460113Z,market,buy,0.00,0.11007700,90.84550000
SPXU,2020-06-26T19:43:20.673000Z,market,sell,0.00,1.00000000,12.82000000
SPXU,2020-06-26T19:42:50.404000Z,market,sell,0.00,1.00000000,12.84000000
FB,2020-06-26T19:42:10.819848Z,market,buy,0.00,0.04604100,217.19770000
TSLA,2020-06-26T19:40:37.123393Z,market,buy,0.00,0.01043000,958.77280000
AAPL,2020-06-26T19:40:22.965838Z,market,buy,0.00,0.02817100,354.97500000
SDOW,2020-06-26T19:38:37.572000Z,market,buy,0.00,1.00000000,26.52000000
SDOW,2020-06-26T19:28:20.891000Z,market,buy,0.00,1.00000000,26.43000000
TSLA,2020-06-26T19:02:18.360092Z,market,buy,0.00,0.01035900,965.34410000
AAPL,2020-06-26T19:01:39.120610Z,market,buy,0.00,0.02802400,356.83700000
SPXU,2020-06-26T18:52:35.258000Z,market,sell,0.00,1.00000000,12.81000000
SDOW,2020-06-26T18:49:12.622000Z,market,buy,0.00,1.00000000,26.49000000
SDOW,2020-06-26T18:40:41.271000Z,market,buy,0.00,1.00000000,26.31000000
SPXS,2020-06-26T18:37:32.540000Z,market,buy,0.00,2.00000000,8.50000000
SPXU,2020-06-26T18:31:57.263000Z,market,sell,0.00,1.00000000,12.78000000
SPXS,2020-06-26T18:31:35.577000Z,market,buy,0.00,2.00000000,8.47000000
SPXS,2020-06-26T18:31:13.637000Z,market,buy,0.00,2.00000000,8.48000000
SPXU,2020-06-26T18:30:53.016000Z,market,sell,0.00,1.00000000,12.80000000
SPXS,2020-06-26T18:28:17.081000Z,market,buy,0.00,8.00000000,8.46500000
SPXS,2020-06-26T18:27:52.281000Z,market,buy,0.00,2.00000000,8.46500000
SPXS,2020-06-26T18:27:34.677000Z,market,buy,0.00,2.00000000,8.46000000
SPXS,2020-06-26T18:25:59.918000Z,market,buy,0.00,1.00000000,8.44000000
SPXS,2020-06-26T18:24:39.370000Z,market,buy,0.00,1.00000000,8.43000000
AAPL,2020-06-26T18:20:15.520802Z,market,buy,0.00,0.02803000,356.76060000
NVDA,2020-06-26T18:19:54.919118Z,market,buy,0.00,0.02718200,367.89050000
SPXS,2020-06-26T18:10:04.977000Z,market,buy,0.00,1.00000000,8.39000000
SPXS,2020-06-26T17:58:13.302000Z,market,buy,0.00,2.00000000,8.39000000
SPXS,2020-06-26T17:56:50.517000Z,market,buy,0.00,1.00000000,8.39000000
SPXS,2020-06-26T17:54:56.029000Z,market,buy,0.00,1.00000000,8.38000000
AAPL,2020-06-26T17:51:11.663573Z,market,buy,0.00,0.02793300,357.99950000
FB,2020-06-26T17:42:48.756844Z,market,buy,0.00,0.04584500,218.12630000
FB,2020-06-26T17:41:28.819441Z,market,buy,0.00,0.04589500,217.88870000
FB,2020-06-26T17:32:18.169003Z,market,buy,0.00,0.04575500,218.55530000
FB,2020-06-26T17:29:43.617934Z,market,buy,0.00,0.04569800,218.82800000
FB,2020-06-26T17:24:19.918840Z,market,buy,0.00,0.04561300,219.23570000
FB,2020-06-26T17:22:46.986347Z,market,buy,0.00,0.04563700,219.12050000
SPXS,2020-06-26T17:18:43.961000Z,market,buy,0.00,1.00000000,8.39000000
FB,2020-06-26T17:16:46.953133Z,market,buy,0.00,0.04564300,219.09160000
FB,2020-06-26T17:08:02.528244Z,market,buy,0.00,0.05957200,218.22330000
TQQQ,2020-06-26T17:06:24.661004Z,market,buy,0.00,0.10847700,92.18540000
FB,2020-06-26T17:05:53.485211Z,market,buy,0.00,0.09187100,217.69660000
TQQQ,2020-06-26T17:03:39.752691Z,market,buy,0.00,0.10873700,91.96500000
SPXU,2020-06-26T17:02:46.211000Z,market,sell,0.00,1.00000000,12.63000000
FB,2020-06-26T17:00:57.822037Z,market,buy,0.00,0.04605100,217.15060000
VZ,2020-06-26T16:58:05.667557Z,market,buy,0.00,0.18827000,53.11520000
TSLA,2020-06-26T16:56:13.919263Z,market,buy,0.00,0.01032800,968.24170000
NVDA,2020-06-26T16:55:08.168942Z,market,buy,0.00,0.02718800,367.80930000
NVDA,2020-06-26T16:48:53.168286Z,market,buy,0.00,0.02721800,367.40390000
SPXS,2020-06-26T16:47:46.041000Z,market,buy,0.00,1.00000000,8.45000000
SPXS,2020-06-26T16:43:58.633000Z,market,buy,0.00,1.00000000,8.45000000
TSLA,2020-06-26T16:42:14.869272Z,market,buy,0.00,0.01033300,967.77320000
SPXS,2020-06-26T16:40:39.989000Z,market,buy,0.00,1.00000000,8.43000000
NVDA,2020-06-26T16:39:50.955369Z,market,buy,0.00,0.02730100,366.28690000
AAPL,2020-06-26T16:28:41.464894Z,market,buy,0.00,0.02790600,358.34590000
TAN,2020-06-26T16:28:10.821972Z,market,buy,0.00,0.28364700,35.25510000
SPXU,2020-06-26T16:27:21.199000Z,market,sell,0.00,1.00000000,12.69000000
NVDA,2020-06-26T16:27:05.271896Z,market,buy,0.00,0.02721600,367.43090000
SPXU,2020-06-26T16:22:09.753000Z,market,sell,0.00,1.00000000,12.77000000
SPXS,2020-06-26T16:20:46.574000Z,market,buy,0.00,2.00000000,8.49000000
SPXS,2020-06-26T16:20:29.350000Z,market,buy,0.00,2.00000000,8.48000000
SPXS,2020-06-26T16:18:16.898000Z,market,buy,0.00,2.00000000,8.45000000
SPXS,2020-06-26T16:17:19.093000Z,market,buy,0.00,1.00000000,8.43000000
SPXS,2020-06-26T16:15:14.318000Z,market,buy,0.00,1.00000000,8.41000000
SPXS,2020-06-26T16:14:28.055000Z,market,buy,0.00,1.00000000,8.41000000
AAPL,2020-06-26T16:12:14.257795Z,market,buy,0.00,0.02789200,358.52570000
PDD,2020-06-26T16:11:56.920234Z,market,buy,0.00,0.11954500,83.65050000
NVDA,2020-06-26T16:11:06.965791Z,market,buy,0.00,0.02714400,368.40550000
SPXS,2020-06-26T16:10:11.980000Z,market,buy,0.00,1.00000000,8.40000000
SPXS,2020-06-26T16:04:17.490000Z,market,buy,0.00,1.00000000,8.38000000
SPXS,2020-06-26T16:03:45.999000Z,market,buy,0.00,1.00000000,8.38000000
TSLA,2020-06-26T15:53:24.720021Z,market,buy,0.00,0.01025100,975.51460000
VZ,2020-06-26T15:39:23.825325Z,market,buy,0.00,0.18781100,53.24500000
NVDA,2020-06-26T15:38:50.817649Z,market,buy,0.00,0.02707800,369.30350000
SPXS,2020-06-26T15:23:44.321000Z,market,buy,0.00,1.00000000,8.41000000
SPXS,2020-06-26T15:23:30.488000Z,market,buy,0.00,2.00000000,8.39000000
SPXS,2020-06-26T15:20:56.231000Z,market,buy,0.00,1.00000000,8.38000000
SPXU,2020-06-26T15:15:03.914000Z,market,sell,0.00,2.00000000,12.60000000
TSLA,2020-06-26T15:14:41.570842Z,market,buy,0.00,0.01026900,973.80470000
PDD,2020-06-26T15:13:13.665979Z,market,buy,0.00,0.23768400,84.14530000
SPXS,2020-06-26T15:12:11.003000Z,market,buy,0.00,1.00000000,8.35000000
AAPL,2020-06-26T15:10:04.320847Z,market,buy,0.00,0.05571300,358.98260000
SPXU,2020-06-26T15:07:59.181000Z,market,sell,0.00,10.00000000,12.55000000
SPXU,2020-06-26T15:07:45.013000Z,market,sell,0.00,10.00000000,12.56200000
SPXU,2020-06-26T15:07:18.115000Z,market,sell,0.00,10.00000000,12.58000000
PDD,2020-06-26T15:05:02.762084Z,market,buy,0.00,0.11909700,83.96520000
AAPL,2020-06-26T15:04:27.670933Z,market,buy,0.00,0.02790600,358.34590000
NVDA,2020-06-26T15:03:43.221249Z,market,buy,0.00,0.02711900,368.74520000
VZ,2020-06-26T14:47:46.427018Z,market,buy,0.00,0.18717800,53.42510000
MSFT,2020-06-26T14:45:50.619752Z,market,buy,0.00,0.05108600,195.74830000
TSLA,2020-06-26T14:43:20.418389Z,market,buy,0.00,0.01034600,966.55710000
AAPL,2020-06-26T14:43:03.460057Z,market,buy,0.00,0.02799900,357.15560000
TAN,2020-06-26T14:31:40.118051Z,market,buy,0.00,0.28352700,35.27000000
PDD,2020-06-26T14:31:06.223535Z,market,buy,0.00,0.11910400,83.96020000
NVDA,2020-06-26T14:30:12.417866Z,market,buy,0.00,0.02697100,370.76860000
AAPL,2020-06-26T14:29:57.522811Z,market,buy,0.00,0.02795200,357.75620000
NIO,2020-06-26T14:19:46.885000Z,market,sell,0.00,7.00000000,6.86290000
TQQQ,2020-06-26T14:18:52.366029Z,market,sell,0.00,0.23010700,91.87030000
TQQQ,2020-06-26T14:17:06.528118Z,market,sell,0.00,0.11424600,92.16950000
TQQQ,2020-06-26T14:16:33.628053Z,market,sell,0.00,0.11403800,92.33760000
TQQQ,2020-06-26T14:12:21.527933Z,market,sell,0.00,0.11343000,92.83260000
TQQQ,2020-06-26T14:08:10.334924Z,market,sell,0.00,0.11232100,93.66010000
TQQQ,2020-06-26T14:04:04.161885Z,market,sell,0.00,0.11252300,93.49200000
TQQQ,2020-06-26T13:59:58.129860Z,market,sell,0.00,0.11134600,94.57010000
PDD,2020-06-26T13:50:43.551502Z,market,buy,0.00,0.09440600,84.74040000
SPXU,2020-06-26T13:49:04.447000Z,market,sell,0.00,6.00000000,12.27170000
NVDA,2020-06-26T13:46:56.922650Z,market,buy,0.00,0.02664600,375.29090000
TQQQ,2020-06-26T13:45:15.630761Z,market,sell,0.00,0.22396400,93.98830000
TQQQ,2020-06-26T13:43:57.129620Z,market,sell,0.00,0.33370400,94.60480000
SPXU,2020-06-25T19:59:44.568000Z,market,buy,0.00,1.00000000,12.01000000
SPXU,2020-06-25T19:59:20.159000Z,market,buy,0.00,9.00000000,12.04890000
TQQQ,2020-06-25T19:28:23.832483Z,market,buy,0.00,0.10422600,95.94530000
TQQQ,2020-06-25T19:27:29.670402Z,market,buy,0.00,0.10422600,95.94530000
SPXU,2020-06-25T19:27:08.217000Z,market,buy,0.00,1.00000000,12.12000000
TQQQ,2020-06-25T19:26:40.569544Z,market,buy,0.00,0.10455800,95.64070000
TQQQ,2020-06-25T19:19:06.220337Z,market,buy,0.00,0.10512400,95.12580000
TAN,2020-06-25T19:14:41.619973Z,market,buy,0.00,0.28085900,35.60510000
TQQQ,2020-06-25T19:13:23.938134Z,market,buy,0.00,0.21100300,94.78540000
TQQQ,2020-06-25T19:11:28.070024Z,market,buy,0.00,0.10542400,94.85510000
VZ,2020-06-25T19:07:13.007000Z,market,buy,0.00,1.00000000,54.30000000
SPXU,2020-06-25T16:34:05.950000Z,market,buy,0.00,2.00000000,12.37500000
SPXU,2020-06-25T16:26:00.710000Z,market,buy,0.00,3.00000000,12.36000000
NVDA,2020-06-25T16:15:26.476045Z,market,buy,0.00,0.02671000,374.39160000
TSLA,2020-06-25T16:14:50.515845Z,market,buy,0.00,0.01030400,970.49690000
TSLA,2020-06-25T16:07:56.016408Z,market,buy,0.00,0.01033100,967.96050000
SPXU,2020-06-25T14:49:13.733000Z,market,buy,0.00,5.00000000,12.44000000
TSLA,2020-06-25T14:29:08.669811Z,market,buy,0.00,0.01039100,962.37130000
TQQQ,2020-06-25T14:28:22.412404Z,market,buy,0.00,0.31839800,94.22170000
TQQQ,2020-06-25T13:56:05.376987Z,market,buy,0.00,0.10880200,91.91010000
NVDA,2020-06-25T13:54:54.416549Z,market,buy,0.00,0.02702600,370.01410000
TSLA,2020-06-25T13:54:35.735170Z,market,buy,0.00,0.01053700,949.03670000
NIO,2020-06-25T13:53:58.068000Z,market,buy,0.00,3.00000000,6.94000000
PDD,2020-06-25T13:53:06.935546Z,market,buy,0.00,0.18328100,84.51500000
SPXU,2020-06-25T13:42:33.361000Z,market,buy,0.00,5.00000000,12.70000000
TQQQ,2020-06-25T13:41:16.728277Z,market,sell,0.00,0.11294300,92.25890000
TQQQ,2020-06-25T13:40:36.981150Z,market,sell,0.00,0.11294300,92.43600000
SPXU,2020-06-25T13:30:00.085000Z,market,buy,0.00,20.00000000,12.51000000
TQQQ,2020-06-24T19:48:27.711853Z,market,buy,0.00,0.21049300,95.01500000
TSLA,2020-06-24T19:43:53.364735Z,market,buy,0.00,0.01035300,965.90360000
TQQQ,2020-06-24T19:42:30.661176Z,market,buy,0.00,0.10580800,94.51080000
TQQQ,2020-06-24T19:06:27.861354Z,market,buy,0.00,0.10667200,93.74530000
TQQQ,2020-06-24T18:42:32.028336Z,market,buy,0.00,0.10683100,93.60580000
MSFT,2020-06-24T17:18:46.918441Z,market,buy,0.00,0.05026600,198.94160000
NIO,2020-06-24T16:25:50.633000Z,market,buy,0.00,2.00000000,6.83500000
NVDA,2020-06-24T16:24:43.221688Z,market,buy,0.00,0.02707600,369.33080000
AAPL,2020-06-24T16:24:28.361195Z,market,buy,0.00,0.02771400,360.82850000
MSFT,2020-06-24T16:24:13.863105Z,market,buy,0.00,0.05055200,197.81610000
SPXS,2020-06-24T16:22:42.557000Z,market,sell,0.00,10.00000000,8.19000000
NIO,2020-06-24T16:14:03.558000Z,market,buy,0.00,2.00000000,6.73000000
NIO,2020-06-24T14:31:27.805000Z,market,buy,0.00,2.00000000,6.81000000
MSFT,2020-06-24T14:16:23.212100Z,market,buy,0.00,0.04990700,200.37270000
MSFT,2020-06-24T13:42:50.026194Z,market,buy,0.00,0.04925600,203.02100000
NVDA,2020-06-23T19:59:16.624932Z,market,buy,0.00,0.02646100,377.91470000
AAPL,2020-06-23T18:02:55.025502Z,market,sell,0.00,0.14207700,370.50330000
TQQQ,2020-06-23T18:02:00.624634Z,market,sell,0.00,0.52451500,101.77020000
NVDA,2020-06-23T17:54:06.327445Z,market,buy,0.00,0.02608700,383.33270000
TQQQ,2020-06-22T14:09:01.773813Z,market,buy,0.00,0.52451500,95.32620000
VSLR,2020-06-22T14:07:58.525000Z,market,sell,0.00,5.00000000,9.86200000
NIO,2020-06-22T13:53:28.837000Z,market,buy,0.00,1.00000000,7.82000000
PDD,2020-06-22T13:48:14.805000Z,market,buy,0.00,1.00000000,84.36000000
SPXS,2020-06-22T13:47:34.223000Z,market,sell,0.00,10.00000000,7.96000000
TAN,2020-06-22T13:46:42.482000Z,market,buy,0.00,1.00000000,35.18000000
AAPL,2020-06-19T18:35:10.714927Z,market,buy,0.00,0.03463400,346.48030000
SQQQ,2020-06-19T18:14:46.464000Z,market,sell,0.00,10.00000000,8.13000000
SQQQ,2020-06-19T18:14:31.714000Z,market,sell,0.00,9.00000000,8.11220000
SQQQ,2020-06-19T18:12:52.731000Z,market,sell,0.00,10.00000000,8.13200000
SQQQ,2020-06-19T18:12:28.164000Z,market,sell,0.00,1.00000000,8.13000000
SQQQ,2020-06-19T18:11:53.533000Z,market,sell,0.00,10.00000000,8.12500000
SQQQ,2020-06-19T18:11:23.849000Z,market,sell,0.00,10.00000000,8.13200000
SPXS,2020-06-19T17:10:03.605000Z,market,buy,0.00,5.00000000,7.80800000
VSLR,2020-06-19T16:41:08.121000Z,market,buy,0.00,1.00000000,9.98000000
VSLR,2020-06-19T16:40:56.928000Z,market,buy,0.00,1.00000000,9.97000000
TAN,2020-06-19T16:40:40.820000Z,market,buy,0.00,1.00000000,35.32000000
TAN,2020-06-19T15:14:01.678000Z,market,buy,0.00,1.00000000,35.99000000
PDD,2020-06-19T14:32:37.195917Z,market,sell,0.00,1.66790600,86.40180000
VSLR,2020-06-19T14:14:27.076000Z,market,buy,0.00,1.00000000,10.18000000
AAPL,2020-06-19T14:08:45.324055Z,market,buy,0.00,0.11252600,355.47340000
SPXS,2020-06-18T19:19:53.120000Z,market,sell,0.00,15.00000000,7.85130000
SQQQ,2020-06-18T19:19:37.967000Z,market,sell,0.00,50.00000000,8.10180000
PDD,2020-06-18T15:02:19.974776Z,market,buy,0.00,0.58764100,85.08600000
VSLR,2020-06-18T14:47:57.207000Z,market,buy,0.00,1.00000000,10.18000000
VSLR,2020-06-18T18:48:52.675000Z,limit,buy,0.00,1.00000000,9.90000000
TAN,2020-06-18T14:21:48.809000Z,market,sell,0.00,3.00000000,35.04330000
PDD,2020-06-18T14:00:23.981306Z,market,buy,0.00,0.47953700,83.41380000
ENPH,2020-06-18T13:59:35.545000Z,market,sell,0.00,3.00000000,46.50670000
PDD,2020-06-18T13:53:14.460443Z,market,buy,0.00,0.60072800,83.23230000
SPXS,2020-06-17T19:44:13.801000Z,market,buy,0.00,10.00000000,7.81800000
SPXS,2020-06-17T19:43:32.435000Z,market,buy,0.00,10.00000000,7.81000000
TQQQ,2020-06-17T19:32:45.032000Z,market,sell,0.00,1.00000000,93.12000000
SQQQ,2020-06-17T19:24:15.990000Z,market,buy,0.00,88.00000000,8.06500000
SQQQ,2020-06-17T19:03:13.950000Z,market,buy,0.00,2.00000000,7.97500000
TAN,2020-06-17T18:45:05.566000Z,market,buy,0.00,1.00000000,34.37000000
ENPH,2020-06-17T18:37:46.013000Z,market,buy,0.00,1.00000000,39.62000000
ENPH,2020-06-17T18:37:25.965000Z,market,buy,0.00,1.00000000,39.62000000
TQQQ,2020-06-17T15:06:44.286000Z,market,buy,0.00,1.00000000,93.93000000
AAPL,2020-06-17T14:35:26.911083Z,market,buy,0.00,0.14147200,353.42680000
SPXS,2020-06-17T14:27:04.944000Z,market,buy,0.00,10.00000000,7.75800000
NIO,2020-06-17T13:59:50.639000Z,market,sell,0.00,15.00000000,6.82530000
SQQQ,2020-06-17T13:57:14.183000Z,market,buy,0.00,10.00000000,8.03000000
ENPH,2020-06-17T13:52:15.196000Z,market,buy,0.00,1.00000000,48.65000000
NIO,2020-06-16T20:05:07.436000Z,limit,buy,0.00,5.00000000,7.01000000
TSLA,2020-06-16T13:50:50.073956Z,market,sell,0.00,0.15436700,994.12440000
TAN,2020-06-16T13:46:57.555000Z,market,buy,0.00,1.00000000,35.79000000
NIO,2020-06-16T13:37:21.484000Z,market,buy,0.00,9.00000000,7.37000000
NIO,2020-06-16T13:36:48.974000Z,market,buy,0.00,1.00000000,7.30000000
TAN,2020-06-15T14:51:40.983000Z,market,buy,0.00,1.00000000,34.21000000
SDOW,2020-06-15T14:10:24.682000Z,market,sell,0.00,5.00000000,26.31000000
SQQQ,2020-06-15T14:10:05.667000Z,market,sell,0.00,15.00000000,9.01200000
TSLA,2020-06-15T13:38:14.264379Z,market,buy,0.00,0.05436700,919.67550000
SQQQ,2020-06-12T14:56:07.232000Z,market,buy,0.00,5.00000000,8.84800000
SQQQ,2020-06-12T14:53:26.224000Z,market,buy,0.00,10.00000000,8.87800000
SDOW,2020-06-12T14:36:53.629000Z,market,buy,0.00,5.00000000,24.96800000
ICLN,2020-06-12T14:12:39.230000Z,market,sell,0.00,2.00000000,12.17500000
IDEX,2020-06-12T14:12:24.444000Z,market,sell,0.00,1.00000000,1.13000000
SPXU,2020-06-12T14:01:08.434000Z,market,sell,0.00,10.00000000,12.24100000
SPXS,2020-06-12T14:00:59.059000Z,market,sell,0.00,10.00000000,8.08200000
TSLA,2020-06-12T14:00:18.911590Z,market,buy,0.00,0.10000000,972.60000000
SPXU,2020-06-11T19:59:21.925000Z,market,buy,0.00,5.00000000,13.16000000
SPXS,2020-06-11T19:58:33.097000Z,market,buy,0.00,5.00000000,8.66800000
NTNX,2020-06-11T13:35:23.288000Z,market,sell,0.00,1.00000000,22.91000000
SPXS,2020-06-11T13:30:02.173000Z,market,buy,0.00,5.00000000,7.96000000
PRO,2020-06-11T13:30:01.196000Z,market,sell,0.00,1.00000000,40.09000000
WPX,2020-06-11T13:30:11.720000Z,market,sell,0.00,1.00000000,6.60000000
AWAY,2020-06-11T13:30:00.325000Z,market,sell,0.00,2.00000000,19.50000000
SPXU,2020-06-10T19:58:25.026000Z,market,buy,0.00,5.00000000,11.15600000
ICLN,2020-06-10T14:00:49.087000Z,market,buy,0.00,1.00000000,12.72000000
AWAY,2020-06-10T13:34:39.783000Z,market,buy,0.00,1.00000000,21.07000000
IDEX,2020-06-10T13:33:02.553000Z,market,buy,0.00,1.00000000,1.14000000
NTNX,2020-06-10T13:32:36.287000Z,market,buy,0.00,1.00000000,24.45000000
TVIXF,2020-06-10T13:31:47.233000Z,market,sell,0.00,1.00000000,124.57000000
SPXS,2020-06-10T13:31:04.503000Z,market,sell,0.00,5.00000000,7.24200000
PRO,2020-06-10T13:30:42.046000Z,market,buy,0.00,1.00000000,43.93000000
SPXS,2020-06-09T19:56:11.518000Z,market,buy,0.00,5.00000000,7.28800000
FTEC,2020-06-09T19:55:09.743000Z,market,sell,0.00,2.00000000,80.65000000
FNCL,2020-06-09T15:09:40.023000Z,market,sell,0.00,1.00000000,37.13000000
FTEC,2020-06-09T15:07:02.344000Z,market,buy,0.00,2.00000000,80.65000000
SQQQ,2020-06-09T15:05:21.738000Z,market,sell,0.00,17.00000000,8.24120000
TVIXF,2020-06-09T14:58:46.492000Z,market,buy,0.00,1.00000000,119.95000000
F,2020-06-09T14:36:02.430000Z,market,sell,0.00,20.00000000,7.25300000
F,2020-06-09T14:28:53.897000Z,market,buy,0.00,20.00000000,7.43700000
SQQQ,2020-06-09T14:12:37.493000Z,market,buy,0.00,15.00000000,8.45800000
ICLN,2020-06-09T14:12:24.221000Z,market,sell,0.00,6.00000000,12.66500000
AWAY,2020-06-09T14:12:03.922000Z,market,sell,0.00,2.00000000,21.01000000
WPX,2020-06-09T14:11:52.481000Z,market,sell,0.00,2.00000000,7.69000000
AWAY,2020-06-08T19:44:43.100000Z,market,buy,0.00,1.00000000,21.71000000
ICLN,2020-06-08T19:01:59.766000Z,market,buy,0.00,1.00000000,12.89000000
WPX,2020-06-08T18:59:14.987000Z,market,buy,0.00,1.00000000,8.55000000
WPX,2020-06-08T16:42:32.845000Z,market,buy,0.00,1.00000000,8.41000000
WPX,2020-06-08T15:30:06.129000Z,market,buy,0.00,1.00000000,8.23000000
FNCL,2020-06-08T14:30:11.801000Z,market,sell,0.00,1.00000000,37.70000000
AWAY,2020-06-08T13:57:01.205000Z,market,buy,0.00,1.00000000,21.85000000
AWAY,2020-06-05T16:37:09.118000Z,market,buy,0.00,1.00000000,21.60000000
FNCL,2020-06-05T16:20:38.200000Z,market,sell,0.00,1.00000000,37.40000000
RGI,2020-06-05T16:17:07.511000Z,market,sell,0.00,1.00000000,131.25000000
UDOW,2020-06-05T16:15:26.698000Z,market,sell,0.00,1.00000000,75.56000000
ICLN,2020-06-05T14:36:20.943000Z,market,buy,0.00,1.00000000,12.73000000
ICLN,2020-06-05T14:35:58.825000Z,market,buy,0.00,1.00000000,12.72000000
ICLN,2020-06-05T14:35:36.567000Z,market,buy,0.00,3.00000000,12.71000000
FNCL,2020-06-05T14:35:15.845000Z,market,sell,0.00,2.00000000,37.28000000
SQQQ,2020-06-05T13:55:37.340000Z,market,buy,0.00,1.00000000,8.82000000
FNCL,2020-06-04T19:59:27.128000Z,market,buy,0.00,1.00000000,35.95000000
FTEC,2020-06-04T19:50:46.980000Z,market,sell,0.00,1.00000000,77.72000000
TAN,2020-06-04T19:50:33.012000Z,market,sell,0.00,1.00000000,34.52000000
RGI,2020-06-04T14:29:48.710000Z,market,buy,0.00,1.00000000,124.72000000
FNCL,2020-06-04T14:28:06.695000Z,market,buy,0.00,3.00000000,35.57000000
XSW,2020-06-04T14:22:03.753000Z,market,sell,0.00,1.00000000,110.21000000
UDOW,2020-06-04T13:45:26.180000Z,market,sell,0.00,1.00000000,67.88000000
TAN,2020-06-03T19:37:06.272000Z,market,buy,0.00,1.00000000,35.15000000
SQQQ,2020-06-03T19:32:19.129000Z,market,sell,0.00,14.00000000,8.95000000
ICLN,2020-06-03T19:18:28.628000Z,market,buy,0.00,1.00000000,12.38000000
FNCL,2020-06-03T14:33:10.895000Z,market,buy,0.00,1.00000000,35.01000000
SQQQ,2020-06-03T14:32:51.069000Z,market,sell,0.00,4.00000000,9.03250000
FTEC,2020-06-02T19:55:02.445000Z,market,buy,0.00,1.00000000,77.90000000
XSW,2020-06-02T19:52:27.744000Z,market,buy,0.00,1.00000000,109.54000000
TQQQ,2020-06-02T14:55:58.331000Z,market,sell,0.00,1.00000000,82.93000000
UDOW,2020-06-02T14:26:01.268000Z,market,buy,0.00,1.00000000,63.99000000
SQQQ,2020-06-02T14:25:29.675000Z,market,sell,0.00,20.00000000,9.24150000
SQQQ,2020-06-01T19:10:44.246000Z,market,buy,0.00,4.00000000,9.29500000
SQQQ,2020-06-01T15:05:19.690000Z,market,buy,0.00,5.00000000,9.39600000
SQQQ,2020-06-01T15:04:22.868000Z,market,buy,0.00,5.00000000,9.39000000
UDOW,2020-06-01T14:37:08.688000Z,market,buy,0.00,1.00000000,62.31000000
SPXS,2020-06-01T13:48:44.769000Z,market,sell,0.00,10.00000000,8.61000000
TQQQ,2020-06-01T13:47:29.368000Z,market,buy,0.00,1.00000000,83.00000000
SQQQ,2020-06-01T13:39:23.261000Z,market,buy,0.00,5.00000000,9.51000000
SQQQ,2020-06-01T13:39:03.410000Z,market,buy,0.00,5.00000000,9.51600000
SQQQ,2020-06-01T13:36:00.463000Z,market,buy,0.00,10.00000000,9.45900000
SPXS,2020-05-29T19:06:23.467000Z,market,buy,0.00,10.00000000,8.66000000
SQQQ,2020-05-29T19:00:24.220000Z,market,sell,0.00,10.00000000,9.53000000
SQQQ,2020-05-29T18:58:49.780000Z,market,sell,0.00,5.00000000,9.61000000
TQQQ,2020-05-29T18:51:09.441000Z,market,sell,0.00,1.00000000,79.74000000
TQQQ,2020-05-29T18:47:45.569000Z,market,sell,0.00,1.00000000,80.51000000
SQQQ,2020-05-29T15:56:38.553000Z,market,sell,0.00,5.00000000,9.73000000
SQQQ,2020-05-29T15:49:10.971000Z,market,sell,0.00,5.00000000,9.75000000
SQQQ,2020-05-28T19:30:43.545000Z,market,buy,0.00,5.00000000,9.69800000
SQQQ,2020-05-28T19:18:50.815000Z,market,buy,0.00,5.00000000,9.60000000
SQQQ,2020-05-28T18:52:54.003000Z,market,buy,0.00,5.00000000,9.55000000
SQQQ,2020-05-28T18:34:31.214000Z,market,buy,0.00,5.00000000,9.51000000
TQQQ,2020-05-28T14:11:49.448000Z,market,buy,0.00,1.00000000,80.76000000
SQQQ,2020-05-28T13:50:15.347000Z,market,buy,0.00,5.00000000,9.78600000
SQQQ,2020-05-27T19:49:20.981000Z,market,sell,0.00,5.00000000,9.83200000
TQQQ,2020-05-27T14:00:24.770000Z,market,buy,0.00,1.00000000,76.30000000
SQQQ,2020-05-26T14:17:31.405000Z,market,buy,0.00,8.00000000,9.54880000
SPXS,2020-05-26T14:16:53.029000Z,market,sell,0.00,1.00000000,8.93000000
SQQQ,2020-05-26T13:51:47.275000Z,market,buy,0.00,1.00000000,9.57000000
SPXS,2020-05-22T15:25:31.852000Z,market,buy,0.00,1.00000000,9.66000000
SQQQ,2020-05-22T14:40:24.264000Z,market,sell,0.00,9.00000000,9.97220000
SQQQ,2020-05-22T14:40:09.443000Z,market,sell,0.00,10.00000000,9.96200000
SQQQ,2020-05-22T14:39:43.319000Z,market,sell,0.00,10.00000000,9.99000000
SQQQ,2020-05-21T19:57:08.609000Z,market,buy,0.00,5.00000000,10.00000000
SQQQ,2020-05-21T14:39:52.898000Z,market,buy,0.00,5.00000000,9.94000000
SQQQ,2020-05-21T13:54:41.684000Z,market,buy,0.00,5.00000000,9.68800000
SQQQ,2020-05-21T13:54:12.204000Z,market,buy,0.00,5.00000000,9.69800000
SQQQ,2020-05-20T19:58:39.168000Z,market,buy,0.00,9.00000000,9.66000000
SQQQ,2020-05-20T18:57:05.388000Z,market,buy,0.00,1.00000000,9.68000000
SQQQ,2020-05-20T13:49:20.701000Z,market,sell,0.00,20.00000000,9.79100000
SPXS,2020-05-20T13:38:07.645000Z,market,sell,0.00,5.00000000,9.42200000
UPRO,2020-05-19T19:57:21.155000Z,market,sell,0.00,1.00000000,38.33000000
SPXS,2020-05-19T19:50:46.605000Z,market,buy,0.00,3.00000000,9.73000000
SPXS,2020-05-19T19:40:25.368000Z,market,buy,0.00,1.00000000,9.66000000
SPXS,2020-05-19T19:33:49.726000Z,market,buy,0.00,1.00000000,9.58000000
SQQQ,2020-05-19T19:31:25.090000Z,market,buy,0.00,5.00000000,10.09000000
SQQQ,2020-05-19T19:25:51.461000Z,market,buy,0.00,5.00000000,10.06600000
SQQQ,2020-05-19T19:21:04.241000Z,market,buy,0.00,5.00000000,10.04600000
SQQQ,2020-05-19T19:20:12.041000Z,market,buy,0.00,1.00000000,10.03000000
TQQQ,2020-05-19T19:19:39.298000Z,market,sell,0.00,1.00000000,78.70000000
BA,2020-05-19T13:44:33.620000Z,market,sell,0.00,1.00000000,133.38000000
BA,2020-05-18T18:40:17.912000Z,market,buy,0.00,1.00000000,135.03000000
TQQQ,2020-05-18T14:43:37.788000Z,market,buy,0.00,1.00000000,77.09000000
MSFT,2020-05-18T13:51:42.168000Z,market,sell,0.00,2.00000000,184.31000000
UPRO,2020-05-18T13:51:02.068000Z,market,sell,0.00,1.00000000,38.79000000
SQQQ,2020-05-18T13:50:17.753000Z,market,buy,0.00,3.00000000,10.38000000
SQQQ,2020-05-15T19:52:45.582000Z,market,sell,0.00,1.00000000,10.89000000
SQQQ,2020-05-15T17:03:07.576000Z,market,sell,0.00,1.00000000,11.06000000
SQQQ,2020-05-15T17:02:48.436000Z,market,sell,0.00,1.00000000,11.07000000
UPRO,2020-05-14T19:14:57.861000Z,market,buy,0.00,1.00000000,34.79000000
MSFT,2020-05-14T18:59:00.818000Z,market,buy,0.00,2.00000000,177.95000000
EBAY,2020-05-14T14:24:00.934000Z,market,sell,0.00,1.00000000,41.10000000
SQQQ,2020-05-14T14:19:50.782000Z,market,buy,0.00,1.00000000,11.80000000
SQQQ,2020-05-12T13:39:30.843000Z,market,buy,0.00,2.00000000,10.39000000
SQQQ,2020-05-12T13:38:38.705000Z,market,buy,0.00,1.00000000,10.39000000
TQQQ,2020-05-12T13:37:24.671000Z,market,sell,0.00,1.00000000,76.27000000
TQQQ,2020-05-11T19:55:22.109000Z,market,buy,0.00,1.00000000,77.10000000
BABA,2020-05-11T17:53:26.105000Z,market,sell,0.00,1.00000000,205.46000000
UPRO,2020-05-11T17:50:47.771000Z,market,sell,0.00,4.00000000,38.99000000
UPRO,2020-05-08T19:53:05.257000Z,market,buy,0.00,5.00000000,38.51000000
UBER,2020-05-08T13:50:40.917000Z,market,sell,0.00,3.00000000,32.32330000
UPRO,2020-05-08T13:45:13.207000Z,market,sell,0.00,1.00000000,37.82000000
TQQQ,2020-05-08T13:44:58.278000Z,market,sell,0.00,1.00000000,73.04000000
UPRO,2020-05-07T19:07:02.357000Z,market,buy,0.00,1.00000000,36.90000000
CCL,2020-05-06T13:52:58.360000Z,market,sell,0.00,5.00000000,13.27200000
UBER,2020-05-06T13:52:32.450000Z,market,buy,0.00,3.00000000,27.76670000
SPXU,2020-05-06T13:32:21.841000Z,market,sell,0.00,5.00000000,15.63200000
SPXU,2020-05-05T19:48:25.001000Z,market,buy,0.00,2.00000000,15.97000000
SPXU,2020-05-05T19:48:08.981000Z,market,buy,0.00,2.00000000,15.96000000
TQQQ,2020-05-05T14:03:03.747000Z,market,buy,0.00,1.00000000,69.05000000
EBAY,2020-05-05T13:38:17.241000Z,market,buy,0.00,1.00000000,40.06000000
SQQQ,2020-05-01T19:59:31.086000Z,market,sell,0.00,4.00000000,12.66500000
SPXU,2020-05-01T16:43:30.415000Z,market,buy,0.00,1.00000000,16.73000000
GFI,2020-05-01T16:42:14.123000Z,market,sell,0.00,5.00000000,7.66200000
UPRO,2020-05-01T13:47:36.038000Z,market,sell,0.00,1.00000000,35.79000000
BABA,2020-04-30T19:02:15.407000Z,market,buy,0.00,1.00000000,200.17000000
SQQQ,2020-04-30T13:32:44.416000Z,market,buy,0.00,2.00000000,11.62000000
CCL,2020-04-29T15:03:13.191000Z,market,sell,0.00,10.00000000,16.61400000
CCL,2020-04-29T14:44:32.166000Z,market,buy,0.00,5.00000000,16.62800000
CCL,2020-04-29T14:42:12.316000Z,market,buy,0.00,10.00000000,16.44500000
UPRO,2020-04-29T13:35:46.531000Z,market,buy,0.00,1.00000000,38.23000000
SQQQ,2020-04-28T14:57:37.517000Z,market,buy,0.00,2.00000000,12.83000000
GFI,2020-04-28T14:52:47.930000Z,market,buy,0.00,5.00000000,7.79000000
SQQQ,2020-04-27T13:56:19.939000Z,market,sell,0.00,3.00000000,12.23000000
STNE,2020-04-24T14:55:11.956000Z,market,sell,0.00,5.00000000,22.02400000
PDD,2020-04-24T14:32:15.629000Z,market,sell,0.00,2.00000000,49.90000000
SQQQ,2020-04-24T14:30:09.413000Z,market,buy,0.00,2.00000000,13.21500000
SQQQ,2020-04-24T14:20:12.471000Z,market,buy,0.00,1.00000000,13.17000000
STNE,2020-04-23T17:02:34.071000Z,limit,buy,0.00,5.00000000,23.50000000
GFI,2020-04-23T16:39:47.696000Z,market,sell,0.00,1.00000000,8.15000000
PDD,2020-04-23T16:38:44.710000Z,market,buy,0.00,2.00000000,50.19500000
GOLD,2020-04-23T15:25:01.863000Z,market,sell,0.00,1.00000000,27.37000000
GOLD,2020-04-22T14:10:21.481000Z,market,sell,0.00,3.00000000,26.02000000
GFI,2020-04-22T14:09:54.544000Z,market,sell,0.00,1.00000000,7.10000000
GFI,2020-04-22T14:08:59.746000Z,market,sell,0.00,8.00000000,7.09380000
GOLD,2020-04-21T14:34:57.289000Z,market,buy,0.00,2.00000000,24.48500000
BAC,2020-04-20T15:12:09.445000Z,market,sell,0.00,5.00000000,22.98000000
BAC,2020-04-17T18:29:27.584000Z,market,sell,0.00,5.00000000,22.81000000
GFI,2020-04-17T14:38:16.749000Z,market,buy,0.00,10.00000000,6.29800000
BAC,2020-04-17T14:29:50.852000Z,market,sell,0.00,5.00000000,22.55000000
GPRO,2020-04-17T14:21:55.975000Z,market,sell,0.00,20.00000000,2.74000000
GOLD,2020-04-16T14:14:43.933000Z,market,buy,0.00,2.00000000,25.00000000
GPRO,2020-04-15T14:13:19.790000Z,market,buy,0.00,20.00000000,2.74000000
BAC,2020-04-15T14:12:16.573000Z,market,buy,0.00,5.00000000,22.38000000
BAC,2020-04-14T19:34:22.185000Z,market,buy,0.00,10.00000000,23.64900000
TQQQ,2020-04-14T18:56:16.605000Z,market,sell,0.00,1.00000000,63.95000000
SQQQ,2020-04-14T18:55:58.123000Z,market,sell,0.00,4.00000000,13.22000000
SPXU,2020-04-14T18:55:43.537000Z,market,sell,0.00,1.00000000,16.90000000
UPRO,2020-04-14T18:55:12.889000Z,market,sell,0.00,5.00000000,35.85000000
SPXU,2020-04-14T18:33:50.700000Z,market,sell,0.00,2.00000000,16.97000000
SQQQ,2020-04-14T16:47:02.619000Z,market,buy,0.00,2.00000000,13.43500000
TQQQ,2020-04-14T14:25:57.845000Z,market,sell,0.00,2.00000000,62.18000000
SPXU,2020-04-09T19:19:28.156000Z,market,sell,0.00,3.00000000,18.22000000
SPXU,2020-04-09T18:53:04.929000Z,market,buy,0.00,3.00000000,18.42000000
UPRO,2020-04-09T15:21:21.966000Z,market,buy,0.00,1.00000000,33.87000000
SPXU,2020-04-09T15:02:48.396000Z,market,buy,0.00,2.00000000,18.07500000
UPRO,2020-04-09T14:47:16.950000Z,market,buy,0.00,1.00000000,34.54000000
UPRO,2020-04-08T19:59:10.979000Z,market,buy,0.00,2.00000000,32.34000000
UPRO,2020-04-08T15:55:15.236000Z,market,buy,0.00,1.00000000,31.40000000
SPXU,2020-04-08T15:52:08.771000Z,market,buy,0.00,1.00000000,19.65000000
SQQQ,2020-04-08T15:15:20.598000Z,market,sell,0.00,5.00000000,16.31000000
SQQQ,2020-04-08T15:13:59.219000Z,market,sell,0.00,5.00000000,16.28000000
SQQQ,2020-04-07T14:45:28.288000Z,market,sell,0.00,5.00000000,16.42000000
TQQQ,2020-04-06T16:59:12.085000Z,market,buy,0.00,2.00000000,49.37000000
BAC,2020-04-06T14:36:21.065000Z,market,sell,0.00,1.00000000,20.96000000
DAL,2020-04-06T14:35:50.748000Z,market,sell,0.00,3.00000000,22.49000000
SQQQ,2020-04-06T14:16:42.878000Z,market,buy,0.00,10.00000000,18.66000000
BAC,2020-04-03T19:56:56.950000Z,market,buy,0.00,1.00000000,20.01000000
SQQQ,2020-04-03T19:53:56.966000Z,market,sell,0.00,1.00000000,21.45000000
CCL,2020-04-03T19:52:28.885000Z,market,sell,0.00,5.00000000,8.52000000
SQQQ,2020-04-03T19:03:33.115000Z,market,sell,0.00,1.00000000,21.70000000
SQQQ,2020-04-03T18:59:31.359000Z,market,sell,0.00,1.00000000,21.64000000
SQQQ,2020-04-03T18:52:48.368000Z,market,sell,0.00,1.00000000,21.69000000
TQQQ,2020-04-03T16:10:17.455000Z,market,sell,0.00,1.00000000,42.14000000
TQQQ,2020-04-03T15:24:50.962000Z,market,sell,0.00,1.00000000,42.43000000
SQQQ,2020-04-02T18:13:08.503000Z,market,buy,0.00,1.00000000,22.00000000
DAL,2020-04-02T16:19:19.472000Z,market,buy,0.00,2.00000000,23.76000000
CCL,2020-04-02T16:13:47.474000Z,market,buy,0.00,4.00000000,8.30000000
TQQQ,2020-04-02T15:50:40.800000Z,market,buy,0.00,2.00000000,43.92000000
CCL,2020-04-01T19:59:03.364000Z,market,buy,0.00,1.00000000,8.77000000
DAL,2020-04-01T19:57:21.393000Z,market,buy,0.00,1.00000000,23.84000000
SQQQ,2020-04-01T19:54:34.735000Z,market,sell,0.00,5.00000000,21.95000000
SQQQ,2020-04-01T16:49:00.683000Z,market,buy,0.00,5.00000000,21.68000000
TQQQ,2020-04-01T16:19:57.748000Z,market,sell,0.00,1.00000000,43.60000000
SQQQ,2020-04-01T15:30:25.806000Z,market,buy,0.00,5.00000000,20.85000000
TQQQ,2020-04-01T15:28:32.310000Z,market,sell,0.00,1.00000000,44.83000000
SQQQ,2020-04-01T15:12:59.742000Z,market,sell,0.00,5.00000000,20.41000000
TQQQ,2020-04-01T14:16:30.914000Z,market,buy,0.00,1.00000000,44.76000000
SQQQ,2020-04-01T14:14:15.278000Z,market,sell,0.00,5.00000000,20.86000000
SQQQ,2020-03-31T19:59:15.209000Z,market,buy,0.00,5.00000000,19.55000000
TQQQ,2020-03-31T19:32:45.914000Z,market,buy,0.00,1.00000000,47.39000000
TQQQ,2020-03-31T16:25:38.614000Z,market,sell,0.00,1.00000000,49.33000000
SQQQ,2020-03-31T16:24:39.551000Z,market,buy,0.00,5.00000000,18.83000000
TQQQ,2020-03-31T15:31:17.627000Z,market,buy,0.00,2.00000000,50.89000000
CLF,2020-03-31T15:25:56.454000Z,market,sell,0.00,1.00000000,4.06000000
SQQQ,2020-03-30T19:58:12.913000Z,market,buy,0.00,5.00000000,19.14000000
